timestamp,mission_time_s,altitude_m,latitude_deg,longitude_deg,temperature_c,pressure_hpa,battery_v,roll_deg,pitch_deg,gps_satellites,imu_status,gps_status,radio_rssi_dbm,system_status
2026-09-25T10:00:00Z,0,120.0,23.1234,77.4567,26.79,996.31,8.22,0.0,0.0,11,OK,LOCK,-73,NOMINAL
2026-09-25T10:00:01Z,1,124.44,23.1234085,77.4567131,26.78,995.77,8.219,0.18,0.05,11,OK,LOCK,-73,NOMINAL
2026-09-25T10:00:02Z,2,128.95,23.123417,77.4567261,26.77,995.23,8.219,0.36,0.1,11,OK,LOCK,-73,NOMINAL
2026-09-25T10:00:03Z,3,133.53,23.1234255,77.4567392,26.76,994.67,8.218,0.54,0.14,11,OK,LOCK,-73,NOMINAL
2026-09-25T10:00:04Z,4,138.16,23.123434,77.4567522,26.75,994.11,8.217,0.7,0.19,11,OK,LOCK,-73,NOMINAL
2026-09-25T10:00:05Z,5,142.85,23.1234425,77.4567653,26.74,993.54,8.217,0.84,0.24,11,OK,LOCK,-73,NOMINAL
2026-09-25T10:00:06Z,6,147.56,23.123451,77.4567783,26.73,992.97,8.216,0.96,0.28,11,OK,LOCK,-73,NOMINAL
2026-09-25T10:00:07Z,7,152.29,23.1234595,77.4567914,26.71,992.4,8.215,1.07,0.33,11,OK,LOCK,-73,NOMINAL
2026-09-25T10:00:08Z,8,157.02,23.123468,77.4568044,26.7,991.82,8.215,1.15,0.37,11,OK,LOCK,-73,NOMINAL
2026-09-25T10:00:09Z,9,161.73,23.1234765,77.4568175,26.69,991.26,8.214,1.22,0.42,11,OK,LOCK,-73,NOMINAL
2026-09-25T10:00:10Z,10,166.41,23.123485,77.4568305,26.68,990.69,8.213,1.26,0.46,11,OK,LOCK,-73,NOMINAL
2026-09-25T10:00:11Z,11,171.05,23.1234935,77.4568436,26.67,990.13,8.213,1.28,0.5,11,OK,LOCK,-73,NOMINAL
2026-09-25T10:00:12Z,12,175.63,23.123502,77.4568566,26.66,989.58,8.212,1.28,0.54,11,OK,LOCK,-73,NOMINAL
2026-09-25T10:00:13Z,13,180.15,23.1235105,77.4568697,26.65,989.03,8.212,1.27,0.58,11,OK,LOCK,-73,NOMINAL
2026-09-25T10:00:14Z,14,184.62,23.123519,77.4568827,26.63,988.49,8.211,1.24,0.62,11,OK,LOCK,-73,NOMINAL
2026-09-25T10:00:15Z,15,189.03,23.1235275,77.4568957,26.62,987.96,8.21,1.21,0.66,11,OK,LOCK,-73,NOMINAL
2026-09-25T10:00:16Z,16,193.39,23.123536,77.4569088,26.61,987.43,8.21,1.17,0.69,11,OK,LOCK,-74,NOMINAL
2026-09-25T10:00:17Z,17,197.72,23.1235445,77.4569218,26.6,986.91,8.209,1.13,0.72,11,OK,LOCK,-74,NOMINAL
2026-09-25T10:00:18Z,18,202.03,23.123553,77.4569349,26.59,986.4,8.208,1.09,0.76,11,OK,LOCK,-74,NOMINAL
2026-09-25T10:00:19Z,19,206.34,23.1235615,77.4569479,26.58,985.88,8.208,1.05,0.79,11,OK,LOCK,-74,NOMINAL
2026-09-25T10:00:20Z,20,210.66,23.12357,77.456961,26.57,985.36,8.207,1.03,0.81,11,OK,LOCK,-74,NOMINAL
2026-09-25T10:00:21Z,21,215.03,23.1235785,77.456974,26.56,984.83,8.206,1.01,0.84,11,OK,LOCK,-74,NOMINAL
2026-09-25T10:00:22Z,22,219.46,23.123587,77.456987,26.55,984.3,8.206,1.0,0.87,11,OK,LOCK,-74,NOMINAL
2026-09-25T10:00:23Z,23,223.96,23.1235955,77.4570001,26.54,983.76,8.205,1.0,0.89,11,OK,LOCK,-74,NOMINAL
2026-09-25T10:00:24Z,24,228.56,23.123604,77.4570131,26.52,983.21,8.204,1.02,0.91,11,OK,LOCK,-74,NOMINAL
2026-09-25T10:00:25Z,25,233.27,23.1236125,77.4570261,26.51,982.64,8.204,1.04,0.93,11,OK,LOCK,-74,NOMINAL
2026-09-25T10:00:26Z,26,238.09,23.123621,77.4570392,26.49,982.07,8.203,1.07,0.95,11,OK,LOCK,-74,NOMINAL
2026-09-25T10:00:27Z,27,243.03,23.1236295,77.4570522,26.48,981.48,8.202,1.11,0.96,11,OK,LOCK,-74,NOMINAL
2026-09-25T10:00:28Z,28,248.08,23.123638,77.4570652,26.46,980.87,8.202,1.15,0.97,11,OK,LOCK,-74,NOMINAL
2026-09-25T10:00:29Z,29,253.23,23.1236465,77.4570783,26.44,980.26,8.201,1.18,0.98,11,OK,LOCK,-74,NOMINAL
2026-09-25T10:00:30Z,30,258.46,23.123655,77.4570913,26.42,979.63,8.2,1.22,0.99,11,OK,LOCK,-74,NOMINAL
2026-09-25T10:00:31Z,31,263.75,23.1236635,77.4571043,26.41,979.0,8.2,1.24,1.0,11,OK,LOCK,-74,NOMINAL
2026-09-25T10:00:32Z,32,269.08,23.123672,77.4571173,26.39,978.36,8.199,1.26,1.0,11,OK,LOCK,-74,NOMINAL
2026-09-25T10:00:33Z,33,274.4,23.1236805,77.4571304,26.37,977.73,8.198,1.26,1.0,11,OK,LOCK,-74,NOMINAL
2026-09-25T10:00:34Z,34,279.69,23.123689,77.4571434,26.35,977.1,8.198,1.24,1.0,11,OK,LOCK,-74,NOMINAL
2026-09-25T10:00:35Z,35,284.91,23.1236975,77.4571564,26.33,976.48,8.197,1.21,1.0,11,OK,LOCK,-75,NOMINAL
2026-09-25T10:00:36Z,36,290.01,23.123706,77.4571694,26.31,975.87,8.196,1.15,0.99,11,OK,LOCK,-75,NOMINAL
2026-09-25T10:00:37Z,37,294.97,23.1237145,77.4571824,26.29,975.28,8.196,1.07,0.98,11,OK,LOCK,-75,NOMINAL
2026-09-25T10:00:38Z,38,299.76,23.123723,77.4571954,26.27,974.71,8.195,0.97,0.97,11,OK,LOCK,-75,NOMINAL
2026-09-25T10:00:39Z,39,304.34,23.1237315,77.4572085,26.26,974.16,8.194,0.85,0.96,11,OK,LOCK,-75,NOMINAL
2026-09-25T10:00:40Z,40,308.7,23.12374,77.4572215,26.24,973.65,8.194,0.71,0.94,11,OK,LOCK,-75,NOMINAL
2026-09-25T10:00:41Z,41,312.82,23.1237485,77.4572345,26.23,973.16,8.193,0.55,0.93,11,OK,LOCK,-75,NOMINAL
2026-09-25T10:00:42Z,42,316.7,23.123757,77.4572475,26.21,972.7,8.192,0.39,0.91,11,OK,LOCK,-75,NOMINAL
2026-09-25T10:00:43Z,43,320.34,23.1237655,77.4572605,26.2,972.27,8.192,0.21,0.89,11,OK,LOCK,-75,NOMINAL
2026-09-25T10:00:44Z,44,323.75,23.123774,77.4572735,26.19,971.86,8.191,0.02,0.87,11,OK,LOCK,-75,NOMINAL
2026-09-25T10:00:45Z,45,326.96,23.1237825,77.4572865,26.18,971.48,8.19,-0.16,0.84,11,OK,LOCK,-75,NOMINAL
2026-09-25T10:00:46Z,46,329.99,23.123791,77.4572995,26.17,971.12,8.19,-0.34,0.81,11,OK,LOCK,-75,NOMINAL
2026-09-25T10:00:47Z,47,332.88,23.1237995,77.4573125,26.16,970.78,8.189,-0.52,0.79,11,OK,LOCK,-75,NOMINAL
2026-09-25T10:00:48Z,48,335.68,23.123808,77.4573255,26.15,970.45,8.188,-0.68,0.76,11,OK,LOCK,-75,NOMINAL
2026-09-25T10:00:49Z,49,338.43,23.1238165,77.4573385,26.14,970.12,8.188,-0.83,0.72,11,OK,LOCK,-75,NOMINAL
2026-09-25T10:00:50Z,50,341.18,23.123825,77.4573515,26.13,969.8,8.187,-0.96,0.69,11,OK,LOCK,-75,NOMINAL
2026-09-25T10:00:51Z,51,343.99,23.1238335,77.4573645,26.12,969.47,8.186,-1.07,0.65,11,OK,LOCK,-75,NOMINAL
2026-09-25T10:00:52Z,52,346.88,23.123842,77.4573775,26.11,969.12,8.186,-1.16,0.62,11,OK,LOCK,-75,NOMINAL
2026-09-25T10:00:53Z,53,349.93,23.1238505,77.4573905,26.1,968.76,8.185,-1.23,0.58,11,OK,LOCK,-75,NOMINAL
2026-09-25T10:00:54Z,54,353.15,23.123859,77.4574034,26.08,968.38,8.184,-1.27,0.54,11,OK,LOCK,-75,NOMINAL
2026-09-25T10:00:55Z,55,356.58,23.1238675,77.4574164,26.07,967.98,8.184,-1.3,0.5,11,OK,LOCK,-75,NOMINAL
2026-09-25T10:00:56Z,56,360.25,23.123876,77.4574294,26.05,967.55,8.183,-1.3,0.46,11,OK,LOCK,-75,NOMINAL
2026-09-25T10:00:57Z,57,364.15,23.1238845,77.4574424,26.03,967.08,8.182,-1.29,0.41,11,OK,LOCK,-75,NOMINAL
2026-09-25T10:00:58Z,58,368.31,23.123893,77.4574554,26.01,966.6,8.182,-1.27,0.37,11,OK,LOCK,-75,NOMINAL
2026-09-25T10:00:59Z,59,372.69,23.1239015,77.4574683,25.99,966.08,8.181,-1.24,0.33,11,OK,LOCK,-75,NOMINAL
2026-09-25T10:01:00Z,60,377.28,23.12391,77.4574813,25.96,965.54,8.18,-1.2,0.28,11,OK,LOCK,-75,NOMINAL
2026-09-25T10:01:01Z,61,382.04,23.1239185,77.4574943,25.94,964.98,8.18,-1.15,0.23,11,OK,LOCK,-75,NOMINAL
2026-09-25T10:01:02Z,62,386.95,23.123927,77.4575073,25.91,964.4,8.179,-1.11,0.19,11,OK,LOCK,-75,NOMINAL
2026-09-25T10:01:03Z,63,391.93,23.1239355,77.4575202,25.88,963.81,8.178,-1.07,0.14,11,OK,LOCK,-75,NOMINAL
2026-09-25T10:01:04Z,64,396.94,23.123944,77.4575332,25.86,963.23,8.178,-1.04,0.09,11,OK,LOCK,-75,NOMINAL
2026-09-25T10:01:05Z,65,401.92,23.1239525,77.4575462,25.83,962.64,8.177,-1.02,0.05,11,OK,LOCK,-75,NOMINAL
2026-09-25T10:01:06Z,66,406.82,23.123961,77.4575591,25.8,962.07,8.176,-1.0,-0.0,11,OK,LOCK,-75,NOMINAL
2026-09-25T10:01:07Z,67,411.56,23.1239695,77.4575721,25.77,961.51,8.176,-1.0,-0.05,11,OK,LOCK,-75,NOMINAL
2026-09-25T10:01:08Z,68,416.11,23.123978,77.4575851,25.74,960.98,8.175,-1.01,-0.1,11,OK,LOCK,-75,NOMINAL
2026-09-25T10:01:09Z,69,420.41,23.1239865,77.457598,25.72,960.47,8.174,-1.03,-0.14,11,OK,LOCK,-75,NOMINAL
2026-09-25T10:01:10Z,70,424.43,23.123995,77.457611,25.69,960.0,8.174,-1.05,-0.19,11,OK,LOCK,-75,NOMINAL
2026-09-25T10:01:11Z,71,428.13,23.1240035,77.457624,25.67,959.57,8.173,-1.08,-0.24,11,OK,LOCK,-75,NOMINAL
2026-09-25T10:01:12Z,72,431.52,23.124012,77.4576369,25.65,959.17,8.172,-1.12,-0.28,11,OK,LOCK,-75,NOMINAL
2026-09-25T10:01:13Z,73,434.59,23.1240205,77.4576499,25.63,958.81,8.172,-1.16,-0.33,11,OK,LOCK,-75,NOMINAL
2026-09-25T10:01:14Z,74,437.34,23.124029,77.4576628,25.61,958.49,8.171,-1.19,-0.37,11,OK,LOCK,-75,NOMINAL
2026-09-25T10:01:15Z,75,439.83,23.1240375,77.4576758,25.59,958.2,8.17,-1.22,-0.42,11,OK,LOCK,-75,NOMINAL
2026-09-25T10:01:16Z,76,442.07,23.124046,77.4576887,25.58,957.94,8.17,-1.23,-0.46,11,OK,LOCK,-75,NOMINAL
2026-09-25T10:01:17Z,77,444.14,23.1240545,77.4577017,25.56,957.7,8.169,-1.24,-0.5,11,OK,LOCK,-75,NOMINAL
2026-09-25T10:01:18Z,78,446.09,23.124063,77.4577147,25.55,957.47,8.168,-1.22,-0.54,11,OK,LOCK,-75,NOMINAL
2026-09-25T10:01:19Z,79,448.0,23.1240715,77.4577276,25.53,957.25,8.168,-1.19,-0.58,11,OK,LOCK,-75,NOMINAL
2026-09-25T10:01:20Z,80,449.95,23.12408,77.4577406,25.52,957.02,8.167,-1.14,-0.62,11,OK,LOCK,-75,NOMINAL
2026-09-25T10:01:21Z,81,452.01,23.1240885,77.4577535,25.5,956.78,8.166,-1.07,-0.66,11,OK,LOCK,-75,NOMINAL
2026-09-25T10:01:22Z,82,454.27,23.124097,77.4577665,25.48,956.51,8.166,-0.97,-0.69,11,OK,LOCK,-75,NOMINAL
2026-09-25T10:01:23Z,83,456.8,23.1241055,77.4577794,25.46,956.22,8.165,-0.86,-0.72,11,OK,LOCK,-75,NOMINAL
2026-09-25T10:01:24Z,84,459.68,23.124114,77.4577924,25.44,955.88,8.164,-0.72,-0.76,11,OK,LOCK,-75,NOMINAL
2026-09-25T10:01:25Z,85,462.94,23.1241225,77.4578053,25.41,955.5,8.164,-0.57,-0.79,11,OK,LOCK,-75,NOMINAL
2026-09-25T10:01:26Z,86,466.66,23.124131,77.4578183,25.38,955.07,8.163,-0.41,-0.82,11,OK,LOCK,-75,NOMINAL
2026-09-25T10:01:27Z,87,470.85,23.1241395,77.4578312,25.35,954.58,8.162,-0.23,-0.84,11,OK,LOCK,-75,NOMINAL
2026-09-25T10:01:28Z,88,475.52,23.124148,77.4578442,25.32,954.04,8.162,-0.05,-0.87,11,OK,LOCK,-75,NOMINAL
2026-09-25T10:01:29Z,89,480.68,23.1241565,77.4578571,25.28,953.44,8.161,0.14,-0.89,11,OK,LOCK,-75,NOMINAL
2026-09-25T10:01:30Z,90,486.31,23.124165,77.4578701,25.24,952.78,8.16,0.32,-0.91,11,OK,LOCK,-75,NOMINAL
2026-09-25T10:01:31Z,91,492.37,23.1241735,77.457883,25.19,952.08,8.16,0.5,-0.93,11,OK,LOCK,-75,NOMINAL
2026-09-25T10:01:32Z,92,498.81,23.124182,77.457896,25.15,951.33,8.159,0.66,-0.95,11,OK,LOCK,-75,NOMINAL
2026-09-25T10:01:33Z,93,505.55,23.1241905,77.4579089,25.1,950.55,8.158,0.82,-0.96,11,OK,LOCK,-75,NOMINAL
2026-09-25T10:01:34Z,94,512.53,23.124199,77.4579219,25.05,949.74,8.158,0.95,-0.97,11,OK,LOCK,-75,NOMINAL
2026-09-25T10:01:35Z,95,519.65,23.1242075,77.4579348,25.0,948.92,8.157,1.07,-0.98,11,OK,LOCK,-75,NOMINAL
2026-09-25T10:01:36Z,96,526.84,23.124216,77.4579477,24.94,948.09,8.156,1.16,-0.99,11,OK,LOCK,-75,NOMINAL
2026-09-25T10:01:37Z,97,533.98,23.1242245,77.4579607,24.89,947.26,8.156,1.23,-1.0,11,OK,LOCK,-75,NOMINAL
2026-09-25T10:01:38Z,98,541.0,23.124233,77.4579736,24.84,946.45,8.155,1.28,-1.0,11,OK,LOCK,-75,NOMINAL
2026-09-25T10:01:39Z,99,547.8,23.1242415,77.4579866,24.79,945.67,8.154,1.31,-1.0,11,OK,LOCK,-75,NOMINAL
2026-09-25T10:01:40Z,100,554.33,23.12425,77.4579995,24.74,944.91,8.154,1.32,-1.0,11,OK,LOCK,-75,NOMINAL
2026-09-25T10:01:41Z,101,560.51,23.1242585,77.4580125,24.69,944.2,8.153,1.32,-1.0,11,OK,LOCK,-75,NOMINAL
2026-09-25T10:01:42Z,102,566.29,23.124267,77.4580254,24.65,943.54,8.152,1.29,-0.99,11,OK,LOCK,-75,NOMINAL
2026-09-25T10:01:43Z,103,571.66,23.1242755,77.4580384,24.6,942.92,8.151,1.26,-0.98,11,OK,LOCK,-75,NOMINAL
2026-09-25T10:01:44Z,104,576.6,23.124284,77.4580514,24.56,942.35,8.151,1.22,-0.97,11,OK,LOCK,-75,NOMINAL
2026-09-25T10:01:45Z,105,581.13,23.1242925,77.4580643,24.52,941.83,8.15,1.18,-0.96,11,OK,LOCK,-75,NOMINAL
2026-09-25T10:01:46Z,106,585.27,23.124301,77.4580773,24.49,941.36,8.149,1.13,-0.94,11,OK,LOCK,-75,NOMINAL
2026-09-25T10:01:47Z,107,589.07,23.1243095,77.4580902,24.45,940.92,8.149,1.09,-0.93,11,OK,LOCK,-75,NOMINAL
2026-09-25T10:01:48Z,108,592.6,23.124318,77.4581032,24.42,940.51,8.148,1.05,-0.91,11,OK,LOCK,-75,NOMINAL
2026-09-25T10:01:49Z,109,595.94,23.1243265,77.4581161,24.38,940.13,8.147,1.02,-0.89,11,OK,LOCK,-75,NOMINAL
2026-09-25T10:01:50Z,110,599.17,23.124335,77.4581291,24.35,939.76,8.147,1.0,-0.86,11,OK,LOCK,-75,NOMINAL
2026-09-25T10:01:51Z,111,602.41,23.1243435,77.458142,24.32,939.39,8.146,1.0,-0.84,11,OK,LOCK,-75,NOMINAL
2026-09-25T10:01:52Z,112,605.75,23.124352,77.458155,24.28,939.01,8.145,1.0,-0.81,11,OK,LOCK,-75,NOMINAL
2026-09-25T10:01:53Z,113,609.29,23.1243605,77.458168,24.25,938.6,8.145,1.01,-0.78,11,OK,LOCK,-75,NOMINAL
2026-09-25T10:01:54Z,114,613.13,23.124369,77.4581809,24.21,938.16,8.144,1.03,-0.75,11,OK,LOCK,-74,NOMINAL
2026-09-25T10:01:55Z,115,617.36,23.1243775,77.4581939,24.17,937.68,8.143,1.06,-0.72,11,OK,LOCK,-74,NOMINAL
2026-09-25T10:01:56Z,116,622.04,23.124386,77.4582069,24.13,937.14,8.143,1.1,-0.69,11,OK,LOCK,-74,NOMINAL
2026-09-25T10:01:57Z,117,627.24,23.1243945,77.4582198,24.09,936.55,8.142,1.13,-0.65,11,OK,LOCK,-74,NOMINAL
2026-09-25T10:01:58Z,118,632.99,23.124403,77.4582328,24.04,935.89,8.141,1.16,-0.62,11,OK,LOCK,-74,NOMINAL
2026-09-25T10:01:59Z,119,639.3,23.1244115,77.4582458,23.98,935.17,8.141,1.19,-0.58,11,OK,LOCK,-74,NOMINAL
2026-09-25T10:02:00Z,120,646.18,23.12442,77.4582587,23.93,934.39,8.14,1.21,-0.54,11,OK,LOCK,-74,NOMINAL
2026-09-25T10:02:01Z,121,653.6,23.1244285,77.4582717,23.87,933.54,8.139,1.22,-0.5,11,OK,LOCK,-74,NOMINAL
2026-09-25T10:02:02Z,122,661.48,23.124437,77.4582847,23.81,932.65,8.138,1.21,-0.46,11,OK,LOCK,-74,NOMINAL
2026-09-25T10:02:03Z,123,669.78,23.1244455,77.4582977,23.74,931.7,8.138,1.18,-0.41,11,OK,LOCK,-74,NOMINAL
2026-09-25T10:02:04Z,124,678.39,23.124454,77.4583106,23.68,930.73,8.137,1.13,-0.37,11,OK,LOCK,-74,NOMINAL
2026-09-25T10:02:05Z,125,687.21,23.1244625,77.4583236,23.61,929.73,8.136,1.06,-0.32,11,OK,LOCK,-74,NOMINAL
2026-09-25T10:02:06Z,126,696.11,23.124471,77.4583366,23.54,928.72,8.136,0.97,-0.28,11,OK,LOCK,-74,NOMINAL
2026-09-25T10:02:07Z,127,704.98,23.1244795,77.4583496,23.47,927.71,8.135,0.86,-0.23,11,OK,LOCK,-74,NOMINAL
2026-09-25T10:02:08Z,128,713.69,23.124488,77.4583626,23.4,926.73,8.134,0.73,-0.19,11,OK,LOCK,-74,NOMINAL
2026-09-25T10:02:09Z,129,722.11,23.1244965,77.4583756,23.34,925.78,8.134,0.59,-0.14,11,OK,LOCK,-74,NOMINAL
2026-09-25T10:02:10Z,130,730.12,23.124505,77.4583885,23.27,924.87,8.133,0.42,-0.09,11,OK,LOCK,-74,NOMINAL
2026-09-25T10:02:11Z,131,737.63,23.1245135,77.4584015,23.21,924.03,8.132,0.25,-0.05,11,OK,LOCK,-74,NOMINAL
2026-09-25T10:02:12Z,132,744.54,23.124522,77.4584145,23.16,923.25,8.132,0.07,0.0,11,OK,LOCK,-73,NOMINAL
2026-09-25T10:02:13Z,133,750.79,23.1245305,77.4584275,23.1,922.54,8.131,-0.11,0.05,11,OK,LOCK,-73,NOMINAL
2026-09-25T10:02:14Z,134,756.33,23.124539,77.4584405,23.06,921.92,8.13,-0.3,0.1,11,OK,LOCK,-73,NOMINAL
2026-09-25T10:02:15Z,135,761.15,23.1245475,77.4584535,23.01,921.38,8.13,-0.48,0.14,11,OK,LOCK,-73,NOMINAL
2026-09-25T10:02:16Z,136,765.25,23.124556,77.4584665,22.97,920.92,8.129,-0.65,0.19,11,OK,LOCK,-73,NOMINAL
2026-09-25T10:02:17Z,137,768.66,23.1245645,77.4584795,22.93,920.54,8.128,-0.8,0.24,11,OK,LOCK,-73,NOMINAL
2026-09-25T10:02:18Z,138,771.44,23.124573,77.4584925,22.9,920.22,8.127,-0.94,0.28,11,OK,LOCK,-73,NOMINAL
2026-09-25T10:02:19Z,139,773.67,23.1245815,77.4585055,22.87,919.97,8.127,-1.06,0.33,11,OK,LOCK,-73,NOMINAL
2026-09-25T10:02:20Z,140,775.45,23.12459,77.4585185,22.85,919.77,8.126,-1.16,0.37,11,OK,LOCK,-73,NOMINAL
2026-09-25T10:02:21Z,141,776.9,23.1245985,77.4585315,22.82,919.61,8.125,-1.24,0.42,11,OK,LOCK,-73,NOMINAL
2026-09-25T10:02:22Z,142,778.14,23.124607,77.4585445,22.8,919.47,8.125,-1.29,0.46,11,OK,LOCK,-73,NOMINAL
2026-09-25T10:02:23Z,143,779.31,23.1246155,77.4585575,22.77,919.34,8.124,-1.33,0.5,11,OK,LOCK,-73,NOMINAL
2026-09-25T10:02:24Z,144,780.55,23.124624,77.4585705,22.75,919.2,8.123,-1.34,0.54,11,OK,LOCK,-73,NOMINAL
2026-09-25T10:02:25Z,145,781.97,23.1246325,77.4585836,22.73,919.04,8.123,-1.34,0.58,11,OK,LOCK,-73,NOMINAL
2026-09-25T10:02:26Z,146,783.7,23.124641,77.4585966,22.7,918.85,8.122,-1.32,0.62,11,OK,LOCK,-73,NOMINAL
2026-09-25T10:02:27Z,147,785.85,23.1246495,77.4586096,22.67,918.61,8.121,-1.29,0.66,11,OK,LOCK,-73,NOMINAL
2026-09-25T10:02:28Z,148,788.49,23.124658,77.4586226,22.64,918.31,8.121,-1.25,0.69,11,OK,LOCK,-73,NOMINAL
2026-09-25T10:02:29Z,149,791.69,23.1246665,77.4586356,22.61,917.95,8.12,-1.2,0.73,11,OK,LOCK,-73,NOMINAL
2026-09-25T10:02:30Z,150,795.49,23.124675,77.4586487,22.57,917.53,8.119,-1.15,0.76,11,OK,LOCK,-73,NOMINAL
2026-09-25T10:02:31Z,151,799.89,23.1246835,77.4586617,22.53,917.04,8.118,-1.11,0.79,11,OK,LOCK,-73,NOMINAL
2026-09-25T10:02:32Z,152,804.86,23.124692,77.4586747,22.48,916.48,8.118,-1.07,0.82,11,OK,LOCK,-73,NOMINAL
2026-09-25T10:02:33Z,153,810.37,23.1247005,77.4586877,22.44,915.87,8.117,-1.03,0.84,11,OK,LOCK,-73,NOMINAL
2026-09-25T10:02:34Z,154,816.33,23.124709,77.4587008,22.39,915.2,8.116,-1.01,0.87,11,OK,LOCK,-73,NOMINAL
2026-09-25T10:02:35Z,155,822.65,23.1247175,77.4587138,22.33,914.5,8.116,-1.0,0.89,11,OK,LOCK,-73,NOMINAL
2026-09-25T10:02:36Z,156,829.2,23.124726,77.4587268,22.28,913.76,8.115,-0.99,0.91,11,OK,LOCK,-73,NOMINAL
2026-09-25T10:02:37Z,157,835.86,23.1247345,77.4587399,22.23,913.02,8.114,-1.0,0.93,11,OK,LOCK,-73,NOMINAL
2026-09-25T10:02:38Z,158,842.48,23.124743,77.4587529,22.17,912.29,8.114,-1.02,0.95,11,OK,LOCK,-73,NOMINAL
2026-09-25T10:02:39Z,159,848.91,23.1247515,77.4587659,22.12,911.57,8.113,-1.04,0.96,11,OK,LOCK,-73,NOMINAL
2026-09-25T10:02:40Z,160,855.01,23.12476,77.458779,22.07,910.89,8.112,-1.07,0.97,11,OK,LOCK,-73,NOMINAL
2026-09-25T10:02:41Z,161,860.64,23.1247685,77.458792,22.03,910.27,8.111,-1.11,0.98,11,OK,LOCK,-73,NOMINAL
2026-09-25T10:02:42Z,162,865.68,23.124777,77.458805,21.98,909.71,8.111,-1.14,0.99,11,OK,LOCK,-73,NOMINAL
2026-09-25T10:02:43Z,163,870.02,23.1247855,77.4588181,21.94,909.23,8.11,-1.17,1.0,11,OK,LOCK,-73,NOMINAL
2026-09-25T10:02:44Z,164,873.59,23.124794,77.4588311,21.91,908.83,8.109,-1.19,1.0,11,OK,LOCK,-72,NOMINAL
2026-09-25T10:02:45Z,165,876.33,23.1248025,77.4588442,21.88,908.53,8.109,-1.19,1.0,11,OK,LOCK,-72,NOMINAL
2026-09-25T10:02:46Z,166,878.22,23.124811,77.4588572,21.86,908.32,8.108,-1.19,1.0,11,OK,LOCK,-72,NOMINAL
2026-09-25T10:02:47Z,167,879.27,23.1248195,77.4588702,21.84,908.2,8.107,-1.16,1.0,11,OK,LOCK,-72,NOMINAL
2026-09-25T10:02:48Z,168,879.52,23.124828,77.4588833,21.83,908.17,8.107,-1.12,0.99,11,OK,LOCK,-72,NOMINAL
2026-09-25T10:02:49Z,169,879.05,23.1248365,77.4588963,21.82,908.23,8.106,-1.06,0.98,11,OK,LOCK,-72,NOMINAL
2026-09-25T10:02:50Z,170,877.96,23.124845,77.4589094,21.81,908.35,8.105,-0.98,0.97,11,OK,LOCK,-72,NOMINAL
2026-09-25T10:02:51Z,171,876.37,23.1248535,77.4589224,21.81,908.52,8.104,-0.87,0.96,11,OK,LOCK,-72,NOMINAL
2026-09-25T10:02:52Z,172,874.43,23.124862,77.4589355,21.81,908.74,8.104,-0.74,0.94,11,OK,LOCK,-72,NOMINAL
2026-09-25T10:02:53Z,173,872.31,23.1248705,77.4589485,21.81,908.97,8.103,-0.6,0.93,11,OK,LOCK,-72,NOMINAL
2026-09-25T10:02:54Z,174,870.17,23.124879,77.4589616,21.82,909.21,8.102,-0.44,0.91,11,OK,LOCK,-72,NOMINAL
2026-09-25T10:02:55Z,175,868.19,23.1248875,77.4589746,21.82,909.43,8.102,-0.27,0.89,11,OK,LOCK,-72,NOMINAL
2026-09-25T10:02:56Z,176,866.53,23.124896,77.4589877,21.82,909.61,8.101,-0.09,0.86,11,OK,LOCK,-72,NOMINAL
2026-09-25T10:02:57Z,177,865.37,23.1249045,77.4590007,21.82,909.74,8.1,0.09,0.84,11,OK,LOCK,-72,NOMINAL
2026-09-25T10:02:58Z,178,864.83,23.124913,77.4590138,21.81,909.8,8.1,0.28,0.81,11,OK,LOCK,-72,NOMINAL
2026-09-25T10:02:59Z,179,865.04,23.1249215,77.4590268,21.8,909.78,8.099,0.46,0.78,11,OK,LOCK,-72,NOMINAL
2026-09-25T10:03:00Z,180,866.1,23.12493,77.4590399,21.78,909.66,8.098,0.63,0.75,11,OK,LOCK,-72,NOMINAL
2026-09-25T10:03:01Z,181,868.05,23.1249385,77.4590529,21.77,909.45,8.097,0.79,0.72,11,OK,LOCK,-72,NOMINAL
2026-09-25T10:03:02Z,182,870.93,23.124947,77.459066,21.74,909.13,8.097,0.93,0.69,11,OK,LOCK,-71,NOMINAL
2026-09-25T10:03:03Z,183,874.73,23.1249555,77.459079,21.71,908.71,8.096,1.06,0.65,11,OK,LOCK,-71,NOMINAL
2026-09-25T10:03:04Z,184,879.4,23.124964,77.4590921,21.68,908.19,8.095,1.16,0.62,11,OK,LOCK,-71,NOMINAL
2026-09-25T10:03:05Z,185,884.88,23.1249725,77.4591051,21.64,907.58,8.095,1.24,0.58,11,OK,LOCK,-71,NOMINAL
2026-09-25T10:03:06Z,186,891.05,23.124981,77.4591182,21.59,906.9,8.094,1.3,0.54,11,OK,LOCK,-71,NOMINAL
2026-09-25T10:03:07Z,187,897.78,23.1249895,77.4591312,21.55,906.15,8.093,1.34,0.5,11,OK,LOCK,-71,NOMINAL
2026-09-25T10:03:08Z,188,904.93,23.124998,77.4591443,21.5,905.37,8.092,1.36,0.46,11,OK,LOCK,-71,NOMINAL
2026-09-25T10:03:09Z,189,912.32,23.1250065,77.4591573,21.45,904.55,8.092,1.36,0.41,11,OK,LOCK,-71,NOMINAL
2026-09-25T10:03:10Z,190,919.78,23.125015,77.4591704,21.4,903.73,8.091,1.34,0.37,11,OK,LOCK,-71,NOMINAL
2026-09-25T10:03:11Z,191,927.14,23.1250235,77.4591834,21.36,902.92,8.09,1.31,0.32,11,OK,LOCK,-71,NOMINAL
2026-09-25T10:03:12Z,192,934.23,23.125032,77.4591965,21.31,902.14,8.09,1.27,0.28,11,OK,LOCK,-71,NOMINAL
2026-09-25T10:03:13Z,193,940.9,23.1250405,77.4592095,21.27,901.4,8.089,1.23,0.23,11,OK,LOCK,-71,NOMINAL
2026-09-25T10:03:14Z,194,947.0,23.125049,77.4592226,21.23,900.73,8.088,1.18,0.19,11,OK,LOCK,-71,NOMINAL
2026-09-25T10:03:15Z,195,952.44,23.1250575,77.4592356,21.19,900.13,8.088,1.13,0.14,11,OK,LOCK,-71,NOMINAL
2026-09-25T10:03:16Z,196,957.14,23.125066,77.4592487,21.16,899.62,8.087,1.08,0.09,11,OK,LOCK,-71,NOMINAL
2026-09-25T10:03:17Z,197,961.05,23.1250745,77.4592617,21.14,899.19,8.086,1.05,0.04,11,OK,LOCK,-71,NOMINAL
2026-09-25T10:03:18Z,198,964.18,23.125083,77.4592748,21.12,898.85,8.085,1.02,-0.0,11,OK,LOCK,-71,NOMINAL
2026-09-25T10:03:19Z,199,966.54,23.1250915,77.4592878,21.1,898.59,8.085,1.0,-0.05,11,OK,LOCK,-71,NOMINAL
2026-09-25T10:03:20Z,200,968.22,23.1251,77.4593009,21.09,898.4,8.084,0.99,-0.1,11,OK,LOCK,-71,NOMINAL
2026-09-25T10:03:21Z,201,969.3,23.1251085,77.4593139,21.08,898.29,8.083,0.99,-0.15,11,OK,LOCK,-71,NOMINAL
2026-09-25T10:03:22Z,202,969.93,23.125117,77.4593269,21.08,898.22,8.083,1.0,-0.19,11,OK,LOCK,-71,NOMINAL
2026-09-25T10:03:23Z,203,970.26,23.1251255,77.45934,21.08,898.18,8.082,1.02,-0.24,11,OK,LOCK,-71,NOMINAL
2026-09-25T10:03:24Z,204,970.48,23.125134,77.459353,21.07,898.16,8.081,1.05,-0.29,11,OK,LOCK,-71,NOMINAL
2026-09-25T10:03:25Z,205,970.76,23.1251425,77.4593661,21.07,898.13,8.08,1.08,-0.33,11,OK,LOCK,-71,NOMINAL
2026-09-25T10:03:26Z,206,971.31,23.125151,77.4593791,21.07,898.07,8.08,1.11,-0.38,11,OK,LOCK,-71,NOMINAL
2026-09-25T10:03:27Z,207,972.32,23.1251595,77.4593921,21.07,897.96,8.079,1.14,-0.42,11,OK,LOCK,-71,NOMINAL
2026-09-25T10:03:28Z,208,973.96,23.125168,77.4594052,21.06,897.78,8.078,1.16,-0.46,11,OK,LOCK,-71,NOMINAL
2026-09-25T10:03:29Z,209,976.4,23.1251765,77.4594182,21.05,897.51,8.078,1.17,-0.5,11,OK,LOCK,-71,NOMINAL
2026-09-25T10:03:30Z,210,979.79,23.125185,77.4594312,21.03,897.14,8.077,1.17,-0.54,11,OK,LOCK,-71,NOMINAL
2026-09-25T10:03:31Z,211,984.22,23.1251935,77.4594443,21.01,896.65,8.076,1.15,-0.58,11,OK,LOCK,-71,NOMINAL
2026-09-25T10:03:32Z,212,989.77,23.125202,77.4594573,20.98,896.05,8.075,1.11,-0.62,11,OK,LOCK,-71,NOMINAL
2026-09-25T10:03:33Z,213,996.46,23.1252105,77.4594703,20.94,895.31,8.075,1.05,-0.66,11,OK,LOCK,-71,NOMINAL
2026-09-25T10:03:34Z,214,1004.3,23.125219,77.4594833,20.9,894.46,8.074,0.97,-0.69,11,OK,LOCK,-71,NOMINAL
2026-09-25T10:03:35Z,215,1013.23,23.1252275,77.4594964,20.85,893.49,8.073,0.87,-0.73,11,OK,LOCK,-71,NOMINAL
2026-09-25T10:03:36Z,216,1023.15,23.125236,77.4595094,20.8,892.41,8.073,0.75,-0.76,11,OK,LOCK,-71,NOMINAL
2026-09-25T10:03:37Z,217,1033.96,23.1252445,77.4595224,20.74,891.23,8.072,0.62,-0.79,11,OK,LOCK,-71,NOMINAL
2026-09-25T10:03:38Z,218,1045.48,23.125253,77.4595354,20.68,889.98,8.071,0.46,-0.82,11,OK,LOCK,-71,NOMINAL
2026-09-25T10:03:39Z,219,1057.53,23.1252615,77.4595484,20.61,888.67,8.07,0.29,-0.84,11,OK,LOCK,-71,NOMINAL
2026-09-25T10:03:40Z,220,1069.91,23.12527,77.4595614,20.54,887.33,8.07,0.12,-0.87,11,OK,LOCK,-71,NOMINAL
2026-09-25T10:03:41Z,221,1082.4,23.1252785,77.4595745,20.48,885.98,8.069,-0.07,-0.89,11,OK,LOCK,-71,NOMINAL
2026-09-25T10:03:42Z,222,1094.79,23.125287,77.4595875,20.41,884.64,8.068,-0.25,-0.91,11,OK,LOCK,-71,NOMINAL
2026-09-25T10:03:43Z,223,1106.86,23.1252955,77.4596005,20.35,883.34,8.068,-0.43,-0.93,11,OK,LOCK,-71,NOMINAL
2026-09-25T10:03:44Z,224,1118.4,23.125304,77.4596135,20.29,882.1,8.067,-0.61,-0.95,11,OK,LOCK,-71,NOMINAL
2026-09-25T10:03:45Z,225,1129.24,23.1253125,77.4596265,20.23,880.93,8.066,-0.77,-0.96,11,OK,LOCK,-71,NOMINAL
2026-09-25T10:03:46Z,226,1139.24,23.125321,77.4596395,20.18,879.86,8.065,-0.92,-0.97,11,OK,LOCK,-71,NOMINAL
2026-09-25T10:03:47Z,227,1148.26,23.1253295,77.4596525,20.13,878.89,8.065,-1.05,-0.98,11,OK,LOCK,-71,NOMINAL
2026-09-25T10:03:48Z,228,1156.24,23.125338,77.4596655,20.1,878.04,8.064,-1.16,-0.99,11,OK,LOCK,-71,NOMINAL
2026-09-25T10:03:49Z,229,1163.13,23.1253465,77.4596785,20.07,877.3,8.063,-1.25,-1.0,11,OK,LOCK,-71,NOMINAL
2026-09-25T10:03:50Z,230,1168.95,23.125355,77.4596915,20.04,876.68,8.063,-1.31,-1.0,11,OK,LOCK,-71,NOMINAL
2026-09-25T10:03:51Z,231,1173.75,23.1253635,77.4597045,20.02,876.17,8.062,-1.36,-1.0,11,OK,LOCK,-71,NOMINAL
2026-09-25T10:03:52Z,232,1177.62,23.125372,77.4597175,20.01,875.75,8.061,-1.38,-1.0,11,OK,LOCK,-71,NOMINAL
2026-09-25T10:03:53Z,233,1180.69,23.1253805,77.4597305,20.0,875.42,8.06,-1.38,-1.0,11,OK,LOCK,-71,NOMINAL
2026-09-25T10:03:54Z,234,1183.12,23.125389,77.4597435,20.0,875.17,8.06,-1.37,-0.99,11,OK,LOCK,-71,NOMINAL
2026-09-25T10:03:55Z,235,1185.09,23.1253975,77.4597565,20.0,874.95,8.059,-1.34,-0.98,11,OK,LOCK,-71,NOMINAL
2026-09-25T10:03:56Z,236,1186.82,23.125406,77.4597694,20.0,874.77,8.058,-1.3,-0.97,11,OK,LOCK,-71,NOMINAL
2026-09-25T10:03:57Z,237,1188.52,23.1254145,77.4597824,20.0,874.59,8.058,-1.25,-0.96,11,OK,LOCK,-71,NOMINAL
2026-09-25T10:03:58Z,238,1190.4,23.125423,77.4597954,20.0,874.39,8.057,-1.2,-0.94,11,OK,LOCK,-71,NOMINAL
2026-09-25T10:03:59Z,239,1192.66,23.1254315,77.4598084,20.0,874.15,8.056,-1.15,-0.93,11,OK,LOCK,-71,NOMINAL
2026-09-25T10:04:00Z,240,1195.51,23.12544,77.4598214,19.99,873.84,8.055,-1.1,-0.91,11,OK,LOCK,-71,NOMINAL
2026-09-25T10:04:01Z,241,1199.1,23.1254485,77.4598343,19.99,873.46,8.055,-1.06,-0.89,11,OK,LOCK,-71,NOMINAL
2026-09-25T10:04:02Z,242,1203.57,23.125457,77.4598473,19.97,872.99,8.054,-1.02,-0.86,11,OK,LOCK,-71,NOMINAL
2026-09-25T10:04:03Z,243,1209.0,23.1254655,77.4598603,19.95,872.41,8.053,-1.0,-0.84,11,OK,LOCK,-71,NOMINAL
2026-09-25T10:04:04Z,244,1215.45,23.125474,77.4598733,19.93,871.72,8.052,-0.99,-0.81,11,OK,LOCK,-71,NOMINAL
2026-09-25T10:04:05Z,245,1222.93,23.1254825,77.4598862,19.9,870.93,8.052,-0.98,-0.78,11,OK,LOCK,-71,NOMINAL
2026-09-25T10:04:06Z,246,1231.39,23.125491,77.4598992,19.86,870.03,8.051,-0.99,-0.75,11,OK,LOCK,-71,NOMINAL
2026-09-25T10:04:07Z,247,1240.74,23.1254995,77.4599122,19.82,869.04,8.05,-1.01,-0.72,11,OK,LOCK,-71,NOMINAL
2026-09-25T10:04:08Z,248,1250.86,23.125508,77.4599251,19.77,867.96,8.05,-1.03,-0.69,11,OK,LOCK,-71,NOMINAL
2026-09-25T10:04:09Z,249,1261.59,23.1255165,77.4599381,19.73,866.83,8.049,-1.06,-0.65,11,OK,LOCK,-71,NOMINAL
2026-09-25T10:04:10Z,250,1272.71,23.125525,77.4599511,19.67,865.65,8.048,-1.09,-0.61,11,OK,LOCK,-71,NOMINAL
2026-09-25T10:04:11Z,251,1284.02,23.1255335,77.459964,19.62,864.46,8.047,-1.11,-0.58,11,OK,LOCK,-71,NOMINAL
2026-09-25T10:04:12Z,252,1295.26,23.125542,77.459977,19.57,863.28,8.047,-1.13,-0.54,11,OK,LOCK,-71,NOMINAL
2026-09-25T10:04:13Z,253,1306.21,23.1255505,77.45999,19.52,862.13,8.046,-1.15,-0.5,11,OK,LOCK,-71,NOMINAL
2026-09-25T10:04:14Z,254,1316.61,23.125559,77.4600029,19.47,861.03,8.045,-1.15,-0.45,11,OK,LOCK,-71,NOMINAL
2026-09-25T10:04:15Z,255,1326.23,23.1255675,77.4600159,19.43,860.02,8.044,-1.13,-0.41,11,OK,LOCK,-71,NOMINAL
2026-09-25T10:04:16Z,256,1334.88,23.125576,77.4600288,19.4,859.12,8.044,-1.1,-0.37,11,OK,LOCK,-71,NOMINAL
2026-09-25T10:04:17Z,257,1342.37,23.1255845,77.4600418,19.37,858.33,8.043,-1.04,-0.32,11,OK,LOCK,-71,NOMINAL
2026-09-25T10:04:18Z,258,1348.56,23.125593,77.4600548,19.35,857.68,8.042,-0.97,-0.28,11,OK,LOCK,-71,NOMINAL
2026-09-25T10:04:19Z,259,1353.37,23.1256015,77.4600677,19.34,857.18,8.042,-0.88,-0.23,11,OK,LOCK,-71,NOMINAL
2026-09-25T10:04:20Z,260,1356.74,23.12561,77.4600807,19.33,856.83,8.041,-0.76,-0.18,11,OK,LOCK,-71,NOMINAL
2026-09-25T10:04:21Z,261,1358.67,23.1256185,77.4600936,19.34,856.63,8.04,-0.63,-0.14,11,OK,LOCK,-71,NOMINAL
2026-09-25T10:04:22Z,262,1359.23,23.125627,77.4601066,19.35,856.57,8.039,-0.48,-0.09,11,OK,LOCK,-72,NOMINAL
2026-09-25T10:04:23Z,263,1358.5,23.1256355,77.4601195,19.37,856.65,8.039,-0.31,-0.04,11,OK,LOCK,-72,NOMINAL
2026-09-25T10:04:24Z,264,1356.63,23.125644,77.4601325,19.4,856.84,8.038,-0.14,0.01,11,OK,LOCK,-72,NOMINAL
2026-09-25T10:04:25Z,265,1353.82,23.1256525,77.4601454,19.43,857.13,8.037,0.04,0.05,11,OK,LOCK,-72,NOMINAL
2026-09-25T10:04:26Z,266,1350.28,23.125661,77.4601584,19.47,857.51,8.036,0.23,0.1,11,OK,LOCK,-72,NOMINAL
2026-09-25T10:04:27Z,267,1346.24,23.1256695,77.4601713,19.51,857.93,8.036,0.41,0.15,11,OK,LOCK,-72,NOMINAL
2026-09-25T10:04:28Z,268,1341.98,23.125678,77.4601843,19.55,858.37,8.035,0.59,0.19,11,OK,LOCK,-72,NOMINAL
2026-09-25T10:04:29Z,269,1337.74,23.1256865,77.4601972,19.59,858.82,8.034,0.75,0.24,11,OK,LOCK,-72,NOMINAL
2026-09-25T10:04:30Z,270,1333.79,23.125695,77.4602102,19.63,859.23,8.034,0.9,0.29,11,OK,LOCK,-72,NOMINAL
2026-09-25T10:04:31Z,271,1330.36,23.1257035,77.4602231,19.66,859.59,8.033,1.04,0.33,11,OK,LOCK,-72,NOMINAL
2026-09-25T10:04:32Z,272,1327.68,23.125712,77.4602361,19.7,859.87,8.032,1.15,0.38,11,OK,LOCK,-72,NOMINAL
2026-09-25T10:04:33Z,273,1325.92,23.1257205,77.460249,19.72,860.06,8.031,1.25,0.42,11,OK,LOCK,-72,NOMINAL
2026-09-25T10:04:34Z,274,1325.22,23.125729,77.460262,19.74,860.13,8.031,1.32,0.46,11,OK,LOCK,-72,NOMINAL
2026-09-25T10:04:35Z,275,1325.68,23.1257375,77.4602749,19.76,860.08,8.03,1.37,0.5,11,OK,LOCK,-72,NOMINAL
2026-09-25T10:04:36Z,276,1327.34,23.125746,77.4602879,19.76,859.91,8.029,1.39,0.55,11,OK,LOCK,-72,NOMINAL
2026-09-25T10:04:37Z,277,1330.2,23.1257545,77.4603008,19.76,859.61,8.028,1.4,0.58,11,OK,LOCK,-72,NOMINAL
2026-09-25T10:04:38Z,278,1334.19,23.125763,77.4603138,19.75,859.19,8.028,1.39,0.62,11,OK,LOCK,-72,NOMINAL
2026-09-25T10:04:39Z,279,1339.21,23.1257715,77.4603267,19.74,858.66,8.027,1.36,0.66,11,OK,LOCK,-72,NOMINAL
2026-09-25T10:04:40Z,280,1345.1,23.12578,77.4603397,19.72,858.05,8.026,1.32,0.69,11,OK,LOCK,-73,NOMINAL
2026-09-25T10:04:41Z,281,1351.67,23.1257885,77.4603526,19.7,857.36,8.026,1.28,0.73,11,OK,LOCK,-73,NOMINAL
2026-09-25T10:04:42Z,282,1358.7,23.125797,77.4603656,19.67,856.63,8.025,1.22,0.76,11,OK,LOCK,-73,NOMINAL
2026-09-25T10:04:43Z,283,1365.93,23.1258055,77.4603785,19.65,855.87,8.024,1.17,0.79,11,OK,LOCK,-73,NOMINAL
2026-09-25T10:04:44Z,284,1373.12,23.125814,77.4603915,19.62,855.12,8.023,1.12,0.82,11,OK,LOCK,-73,NOMINAL
2026-09-25T10:04:45Z,285,1380.01,23.1258225,77.4604044,19.59,854.4,8.023,1.07,0.84,11,OK,LOCK,-73,NOMINAL
2026-09-25T10:04:46Z,286,1386.34,23.125831,77.4604174,19.57,853.74,8.022,1.03,0.87,11,OK,LOCK,-73,NOMINAL
2026-09-25T10:04:47Z,287,1391.89,23.1258395,77.4604303,37.55,853.16,8.021,1.0,0.89,11,OK,LOCK,-73,NOMINAL
2026-09-25T10:04:48Z,288,1396.47,23.125848,77.4604433,37.54,852.69,8.02,0.98,0.91,11,OK,LOCK,-73,NOMINAL
2026-09-25T10:04:49Z,289,1399.91,23.1258565,77.4604562,37.54,852.33,8.02,0.98,0.93,11,OK,LOCK,-73,NOMINAL
2026-09-25T10:04:50Z,290,1402.11,23.125865,77.4604692,19.54,852.1,8.019,0.98,0.95,11,OK,LOCK,-73,NOMINAL
2026-09-25T10:04:51Z,291,1402.99,23.1258735,77.4604821,19.55,852.01,8.018,0.99,0.96,11,OK,LOCK,-73,NOMINAL
2026-09-25T10:04:52Z,292,1402.56,23.125882,77.4604951,19.57,852.05,8.017,1.01,0.97,11,OK,LOCK,-73,NOMINAL
2026-09-25T10:04:53Z,293,1400.86,23.1258905,77.4605081,19.59,852.23,8.017,1.03,0.98,11,OK,LOCK,-73,NOMINAL
2026-09-25T10:04:54Z,294,1397.99,23.125899,77.460521,19.62,852.53,8.016,1.06,0.99,11,OK,LOCK,-73,NOMINAL
2026-09-25T10:04:55Z,295,1394.11,23.1259075,77.460534,19.66,852.93,8.015,1.09,1.0,11,OK,LOCK,-73,NOMINAL
2026-09-25T10:04:56Z,296,1389.42,23.125916,77.4605469,19.7,853.42,8.014,1.11,1.0,11,OK,LOCK,-73,NOMINAL
2026-09-25T10:04:57Z,297,1384.15,23.1259245,77.4605599,19.74,853.97,8.014,1.12,1.0,11,OK,LOCK,-73,NOMINAL
2026-09-25T10:04:58Z,298,1378.57,23.125933,77.4605729,19.79,854.55,8.013,1.12,1.0,11,OK,LOCK,-73,NOMINAL
2026-09-25T10:04:59Z,299,1372.97,23.1259415,77.4605858,19.83,855.14,8.012,1.11,0.99,11,OK,LOCK,-73,NOMINAL
2026-09-25T10:05:00Z,300,1367.64,23.12595,77.4605988,19.88,855.69,8.011,1.08,0.99,11,OK,LOCK,-73,NOMINAL
2026-09-25T10:05:01Z,301,1362.88,23.1259585,77.4606118,19.92,856.19,8.011,1.03,0.98,11,OK,LOCK,-73,NOMINAL
2026-09-25T10:05:02Z,302,1358.96,23.125967,77.4606247,19.95,856.6,8.01,0.97,0.97,11,OK,LOCK,-73,NOMINAL
2026-09-25T10:05:03Z,303,1356.14,23.1259755,77.4606377,19.98,856.89,8.009,0.88,0.96,11,OK,LOCK,-73,NOMINAL
2026-09-25T10:05:04Z,304,1354.63,23.125984,77.4606507,20.0,857.05,8.009,0.77,0.94,11,OK,LOCK,-73,NOMINAL
2026-09-25T10:05:05Z,305,1354.61,23.1259925,77.4606637,20.01,857.05,8.008,0.64,0.93,11,OK,LOCK,-73,NOMINAL
2026-09-25T10:05:06Z,306,1356.2,23.126001,77.4606766,20.02,856.89,8.007,0.49,0.91,11,OK,LOCK,-73,NOMINAL
2026-09-25T10:05:07Z,307,1359.47,23.1260095,77.4606896,20.01,856.54,8.006,0.33,0.89,11,OK,LOCK,-73,NOMINAL
2026-09-25T10:05:08Z,308,1364.42,23.126018,77.4607026,19.99,856.03,8.006,0.16,0.86,11,OK,LOCK,-73,NOMINAL
2026-09-25T10:05:09Z,309,1371.01,23.1260265,77.4607156,19.96,855.34,8.005,-0.02,0.84,11,OK,LOCK,-73,NOMINAL
2026-09-25T10:05:10Z,310,1379.13,23.126035,77.4607286,19.92,854.49,8.004,-0.21,0.81,11,OK,LOCK,-73,NOMINAL
2026-09-25T10:05:11Z,311,1388.61,23.1260435,77.4607416,19.88,853.51,8.003,-0.39,0.78,11,OK,LOCK,-73,NOMINAL
2026-09-25T10:05:12Z,312,1399.25,23.126052,77.4607545,19.82,852.4,8.003,-0.57,0.75,11,OK,LOCK,-74,NOMINAL
2026-09-25T10:05:13Z,313,1410.79,23.1260605,77.4607675,19.76,851.2,8.002,-0.73,0.72,11,OK,LOCK,-74,NOMINAL
2026-09-25T10:05:14Z,314,1422.97,23.126069,77.4607805,19.7,849.94,8.001,-0.89,0.69,11,OK,LOCK,-74,NOMINAL
2026-09-25T10:05:15Z,315,1435.5,23.1260775,77.4607935,19.64,848.64,8.0,-1.03,0.65,11,OK,LOCK,-74,NOMINAL
2026-09-25T10:05:16Z,316,1448.05,23.126086,77.4608065,19.57,847.34,8.0,-1.15,0.61,11,OK,LOCK,-74,NOMINAL
2026-09-25T10:05:17Z,317,1460.35,23.1260945,77.4608195,19.5,846.07,7.999,-1.25,0.58,11,OK,LOCK,-74,NOMINAL
2026-09-25T10:05:18Z,318,1472.12,23.126103,77.4608325,19.44,844.86,7.998,-1.32,0.54,11,OK,LOCK,-74,NOMINAL
2026-09-25T10:05:19Z,319,1483.1,23.1261115,77.4608455,19.38,843.73,7.997,-1.38,0.49,11,OK,LOCK,-74,NOMINAL
2026-09-25T10:05:20Z,320,1493.08,23.12612,77.4608585,19.33,842.7,7.997,-1.41,0.45,11,OK,LOCK,-74,NOMINAL
2026-09-25T10:05:21Z,321,1501.91,23.1261285,77.4608715,19.29,841.79,7.996,-1.42,0.41,11,OK,LOCK,-74,NOMINAL
2026-09-25T10:05:22Z,322,1509.46,23.126137,77.4608845,19.25,841.02,7.995,-1.41,0.37,11,OK,LOCK,-74,NOMINAL
2026-09-25T10:05:23Z,323,1515.7,23.1261455,77.4608975,19.22,840.38,7.994,-1.39,0.32,11,OK,LOCK,-74,NOMINAL
2026-09-25T10:05:24Z,324,1520.62,23.126154,77.4609105,19.19,839.88,7.994,-1.35,0.28,11,OK,LOCK,-74,NOMINAL
2026-09-25T10:05:25Z,325,1524.3,23.1261625,77.4609235,19.18,839.5,7.993,-1.3,0.23,11,OK,LOCK,-74,NOMINAL
2026-09-25T10:05:26Z,326,1526.87,23.126171,77.4609365,19.17,839.24,7.992,-1.25,0.18,11,OK,LOCK,-74,NOMINAL
2026-09-25T10:05:27Z,327,1528.5,23.1261795,77.4609496,19.16,839.07,7.991,-1.19,0.14,11,OK,LOCK,-74,NOMINAL
2026-09-25T10:05:28Z,328,1529.43,23.126188,77.4609626,19.16,838.97,7.991,-1.14,0.09,11,OK,LOCK,-74,NOMINAL
2026-09-25T10:05:29Z,329,1529.91,23.1261965,77.4609756,19.16,838.93,7.99,-1.09,0.04,11,OK,LOCK,-74,NOMINAL
2026-09-25T10:05:30Z,330,1530.23,23.126205,77.4609886,19.16,838.89,7.989,-1.04,-0.01,11,OK,LOCK,-75,NOMINAL
2026-09-25T10:05:31Z,331,1530.69,23.1262135,77.4610016,19.16,838.84,7.988,-1.01,-0.05,11,OK,LOCK,-75,NOMINAL
2026-09-25T10:05:32Z,332,1531.6,23.126222,77.4610147,19.16,838.75,7.988,-0.98,-0.1,11,OK,LOCK,-75,NOMINAL
2026-09-25T10:05:33Z,333,1533.26,23.1262305,77.4610277,19.15,838.58,7.987,-0.97,-0.15,11,OK,LOCK,-75,NOMINAL
2026-09-25T10:05:34Z,334,1535.92,23.126239,77.4610407,19.14,838.31,7.986,-0.97,-0.2,11,OK,LOCK,-75,NOMINAL
2026-09-25T10:05:35Z,335,1539.83,23.1262475,77.4610537,19.11,837.91,7.985,-0.97,-0.24,11,OK,LOCK,-75,NOMINAL
2026-09-25T10:05:36Z,336,1545.17,23.126256,77.4610668,19.08,837.37,7.985,-0.99,-0.29,11,OK,LOCK,-75,NOMINAL
2026-09-25T10:05:37Z,337,1552.08,23.1262645,77.4610798,19.04,836.66,7.984,-1.01,-0.33,11,OK,LOCK,-75,NOMINAL
2026-09-25T10:05:38Z,338,1560.64,23.126273,77.4610928,18.99,835.79,7.983,-1.04,-0.38,11,OK,LOCK,-75,NOMINAL
2026-09-25T10:05:39Z,339,1570.87,23.1262815,77.4611058,18.93,834.74,7.982,-1.06,-0.42,11,OK,LOCK,-75,NOMINAL
2026-09-25T10:05:40Z,340,1582.71,23.12629,77.4611189,18.86,833.54,7.982,-1.08,-0.46,11,OK,LOCK,-75,NOMINAL
2026-09-25T10:05:41Z,341,1596.04,23.1262985,77.4611319,18.78,832.19,7.981,-1.1,-0.51,11,OK,LOCK,-75,NOMINAL
2026-09-25T10:05:42Z,342,1610.71,23.126307,77.461145,18.69,830.7,7.98,-1.1,-0.55,11,OK,LOCK,-75,NOMINAL
2026-09-25T10:05:43Z,343,1626.47,23.1263155,77.461158,18.6,829.1,7.979,-1.09,-0.59,11,OK,LOCK,-75,NOMINAL
2026-09-25T10:05:44Z,344,1643.05,23.126324,77.461171,18.5,827.43,7.979,-1.07,-0.62,11,OK,LOCK,-75,NOMINAL
2026-09-25T10:05:45Z,345,1660.14,23.1263325,77.4611841,18.4,825.71,7.978,-1.02,-0.66,11,OK,LOCK,-75,NOMINAL
2026-09-25T10:05:46Z,346,1677.42,23.126341,77.4611971,18.29,823.97,7.977,-0.96,-0.69,11,OK,LOCK,-75,NOMINAL
2026-09-25T10:05:47Z,347,1694.53,23.1263495,77.4612102,18.19,822.25,7.976,-0.88,-0.73,11,OK,LOCK,-75,NOMINAL
2026-09-25T10:05:48Z,348,1711.13,23.126358,77.4612232,18.08,820.59,7.976,-0.77,-0.76,11,OK,LOCK,-75,NOMINAL
2026-09-25T10:05:49Z,349,1726.9,23.1263665,77.4612362,17.99,819.01,7.975,-0.65,-0.79,11,OK,LOCK,-75,NOMINAL
2026-09-25T10:05:50Z,350,1741.54,23.126375,77.4612493,17.9,817.55,7.974,-0.51,-0.82,11,OK,LOCK,-75,NOMINAL
2026-09-25T10:05:51Z,351,1754.78,23.1263835,77.4612623,17.81,816.23,7.973,-0.35,-0.84,11,OK,LOCK,-75,NOMINAL
2026-09-25T10:05:52Z,352,1766.42,23.126392,77.4612754,17.74,815.07,7.973,-0.18,-0.87,11,OK,LOCK,-75,NOMINAL
2026-09-25T10:05:53Z,353,1776.3,23.1264005,77.4612884,17.68,814.09,7.972,-0.0,-0.89,11,OK,LOCK,-75,NOMINAL
2026-09-25T10:05:54Z,354,1784.34,23.126409,77.4613015,17.62,813.29,7.971,0.18,-0.91,11,OK,LOCK,-75,NOMINAL
2026-09-25T10:05:55Z,355,1790.5,23.1264175,77.4613145,17.58,812.68,7.97,0.36,-0.93,11,OK,LOCK,-75,NOMINAL
2026-09-25T10:05:56Z,356,1794.85,23.126426,77.4613276,17.55,812.25,7.97,0.54,-0.95,11,OK,LOCK,-75,NOMINAL
2026-09-25T10:05:57Z,357,1797.48,23.1264345,77.4613406,17.53,811.99,7.969,0.71,-0.96,11,OK,LOCK,-75,NOMINAL
2026-09-25T10:05:58Z,358,1798.58,23.126443,77.4613537,17.51,811.88,7.968,0.87,-0.97,11,OK,LOCK,-75,NOMINAL
2026-09-25T10:05:59Z,359,1798.37,23.1264515,77.4613667,17.51,811.9,7.967,1.02,-0.98,11,OK,LOCK,-75,NOMINAL
2026-09-25T10:06:00Z,360,1797.13,23.12646,77.4613798,17.51,812.03,7.967,1.14,-0.99,10,OK,LOCK,-75,NOMINAL
2026-09-25T10:06:01Z,361,1795.16,23.1264685,77.4613928,17.51,812.22,7.966,1.25,-1.0,10,OK,LOCK,-75,NOMINAL
2026-09-25T10:06:02Z,362,1792.8,23.126477,77.4614059,17.51,812.46,7.965,1.33,-1.0,10,OK,LOCK,-75,NOMINAL
2026-09-25T10:06:03Z,363,1790.38,23.1264855,77.4614189,17.52,812.7,7.964,1.39,-1.0,10,OK,LOCK,-75,NOMINAL
2026-09-25T10:06:04Z,364,1788.24,23.126494,77.461432,17.52,812.91,7.964,1.42,-1.0,10,OK,LOCK,-75,NOMINAL
2026-09-25T10:06:05Z,365,1786.68,23.1265025,77.461445,17.52,813.06,7.963,1.44,-0.99,10,OK,LOCK,-75,NOMINAL
2026-09-25T10:06:06Z,366,1786.0,23.126511,77.4614581,17.52,813.13,7.962,1.43,-0.99,10,OK,LOCK,-75,NOMINAL
2026-09-25T10:06:07Z,367,1786.43,23.1265195,77.4614711,17.5,813.09,7.961,1.41,-0.98,10,OK,LOCK,-75,NOMINAL
2026-09-25T10:06:08Z,368,1788.15,23.126528,77.4614842,17.48,812.92,7.96,1.38,-0.97,10,OK,LOCK,-75,NOMINAL
2026-09-25T10:06:09Z,369,1791.29,23.1265365,77.4614972,17.45,812.6,7.96,1.33,-0.96,10,OK,LOCK,-75,NOMINAL
2026-09-25T10:06:10Z,370,1795.92,23.126545,77.4615103,17.42,812.15,7.959,1.27,-0.94,10,OK,LOCK,-75,NOMINAL
2026-09-25T10:06:11Z,371,1802.0,23.1265535,77.4615233,17.37,811.54,7.958,1.22,-0.93,10,OK,LOCK,-75,NOMINAL
2026-09-25T10:06:12Z,372,1809.47,23.126562,77.4615364,17.31,810.81,7.957,1.16,-0.91,10,OK,LOCK,-75,NOMINAL
2026-09-25T10:06:13Z,373,1818.18,23.1265705,77.4615494,17.25,809.94,7.957,1.1,-0.89,10,OK,LOCK,-75,NOMINAL
2026-09-25T10:06:14Z,374,1827.92,23.126579,77.4615625,17.18,808.98,7.956,1.06,-0.86,10,OK,LOCK,-75,NOMINAL
2026-09-25T10:06:15Z,375,1838.42,23.1265875,77.4615755,17.11,807.95,7.955,1.02,-0.84,10,OK,LOCK,-75,NOMINAL
2026-09-25T10:06:16Z,376,1849.38,23.126596,77.4615886,17.03,806.87,7.954,0.99,-0.81,10,OK,LOCK,-75,NOMINAL
2026-09-25T10:06:17Z,377,1860.48,23.1266045,77.4616016,16.95,805.78,7.954,0.97,-0.78,10,OK,LOCK,-75,NOMINAL
2026-09-25T10:06:18Z,378,1871.35,23.126613,77.4616147,16.87,804.71,7.953,0.96,-0.75,10,OK,LOCK,-75,NOMINAL
2026-09-25T10:06:19Z,379,1881.65,23.1266215,77.4616277,16.8,803.7,7.952,0.96,-0.72,10,OK,LOCK,-75,NOMINAL
2026-09-25T10:06:20Z,380,1891.04,23.12663,77.4616408,16.73,802.78,7.951,0.97,-0.68,10,OK,LOCK,-75,NOMINAL
2026-09-25T10:06:21Z,381,1899.19,23.1266385,77.4616538,16.67,801.98,7.951,0.99,-0.65,10,OK,LOCK,-75,NOMINAL
2026-09-25T10:06:22Z,382,1905.82,23.126647,77.4616669,16.62,801.33,7.95,1.01,-0.61,10,OK,LOCK,-75,NOMINAL
2026-09-25T10:06:23Z,383,1910.72,23.1266555,77.4616799,16.57,800.86,7.949,1.04,-0.57,10,OK,LOCK,-75,NOMINAL
2026-09-25T10:06:24Z,384,1913.72,23.126664,77.4616929,16.54,800.56,7.948,1.06,-0.53,10,OK,LOCK,-75,NOMINAL
2026-09-25T10:06:25Z,385,1914.7,23.1266725,77.461706,16.52,800.47,7.948,1.07,-0.49,10,OK,LOCK,-75,NOMINAL
2026-09-25T10:06:26Z,386,1913.66,23.126681,77.461719,16.51,800.57,7.947,1.08,-0.45,10,OK,LOCK,-75,NOMINAL
2026-09-25T10:06:27Z,387,1910.62,23.1266895,77.4617321,16.52,800.86,7.946,1.07,-0.41,10,OK,LOCK,-75,NOMINAL
2026-09-25T10:06:28Z,388,1905.72,23.126698,77.4617451,16.53,801.34,7.945,1.05,-0.36,10,OK,LOCK,-75,NOMINAL
2026-09-25T10:06:29Z,389,1899.14,23.1267065,77.4617581,16.55,801.99,7.944,1.01,-0.32,10,OK,LOCK,-75,NOMINAL
2026-09-25T10:06:30Z,390,1891.14,23.126715,77.4617712,16.59,802.77,7.944,0.95,-0.27,10,OK,LOCK,-75,NOMINAL
2026-09-25T10:06:31Z,391,1882.01,23.1267235,77.4617842,16.62,803.66,7.943,0.87,-0.23,10,OK,LOCK,-75,NOMINAL
2026-09-25T10:06:32Z,392,1872.11,23.126732,77.4617972,16.67,804.64,7.942,0.77,-0.18,10,OK,LOCK,-75,NOMINAL
2026-09-25T10:06:33Z,393,1861.8,23.1267405,77.4618103,16.71,805.65,7.941,0.66,-0.13,10,OK,LOCK,-75,NOMINAL
2026-09-25T10:06:34Z,394,1851.49,23.126749,77.4618233,16.76,806.66,7.941,0.52,-0.09,10,OK,LOCK,-75,NOMINAL
2026-09-25T10:06:35Z,395,1841.56,23.1267575,77.4618363,16.8,807.64,7.94,0.37,-0.04,10,OK,LOCK,-75,NOMINAL
2026-09-25T10:06:36Z,396,1832.38,23.126766,77.4618493,16.84,808.54,7.939,0.2,0.01,10,OK,LOCK,-75,NOMINAL
2026-09-25T10:06:37Z,397,1824.3,23.1267745,77.4618624,16.87,809.34,7.938,0.02,0.06,10,OK,LOCK,-75,NOMINAL
2026-09-25T10:06:38Z,398,1817.62,23.126783,77.4618754,16.89,810.0,7.938,-0.16,0.1,10,OK,LOCK,-75,NOMINAL
2026-09-25T10:06:39Z,399,1812.59,23.1267915,77.4618884,16.91,810.5,7.937,-0.34,0.15,10,OK,LOCK,-75,NOMINAL
2026-09-25T10:06:40Z,400,1809.39,23.1268,77.4619014,16.91,810.81,7.936,-0.52,0.2,10,OK,LOCK,-75,NOMINAL
2026-09-25T10:06:41Z,401,1808.13,23.1268085,77.4619144,16.9,810.94,7.935,-0.69,0.24,10,OK,LOCK,-75,NOMINAL
2026-09-25T10:06:42Z,402,1808.84,23.126817,77.4619274,16.88,810.87,7.934,-0.86,0.29,10,OK,LOCK,-75,NOMINAL
2026-09-25T10:06:43Z,403,1811.49,23.1268255,77.4619405,16.85,810.61,7.934,-1.0,0.33,10,OK,LOCK,-75,NOMINAL
2026-09-25T10:06:44Z,404,1815.96,23.126834,77.4619535,16.81,810.16,7.933,-1.13,0.38,10,OK,LOCK,-75,NOMINAL
2026-09-25T10:06:45Z,405,1822.06,23.1268425,77.4619665,16.75,809.56,7.932,-1.24,0.42,10,OK,LOCK,-75,NOMINAL
2026-09-25T10:06:46Z,406,1829.55,23.126851,77.4619795,16.69,808.82,7.931,-1.33,0.47,10,OK,LOCK,-75,NOMINAL
2026-09-25T10:06:47Z,407,1838.12,23.1268595,77.4619925,16.63,807.98,7.931,-1.39,0.51,10,OK,LOCK,-75,NOMINAL
2026-09-25T10:06:48Z,408,1847.44,23.126868,77.4620055,16.56,807.06,7.93,-1.43,0.55,10,OK,LOCK,-75,NOMINAL
2026-09-25T10:06:49Z,409,1857.14,23.1268765,77.4620185,16.48,806.11,7.929,-1.45,0.59,10,OK,LOCK,-74,NOMINAL
2026-09-25T10:06:50Z,410,1866.84,23.126885,77.4620315,16.41,805.15,7.928,-1.45,0.62,10,OK,LOCK,-74,NOMINAL
2026-09-25T10:06:51Z,411,1876.18,23.1268935,77.4620445,16.34,804.24,7.928,-1.43,0.66,10,OK,LOCK,-74,NOMINAL
2026-09-25T10:06:52Z,412,1884.81,23.126902,77.4620575,16.27,803.39,7.927,-1.4,0.7,10,OK,LOCK,-74,NOMINAL
2026-09-25T10:06:53Z,413,1892.41,23.1269105,77.4620705,16.21,802.65,7.926,-1.35,0.73,10,OK,LOCK,-74,NOMINAL
2026-09-25T10:06:54Z,414,1898.7,23.126919,77.4620835,16.16,802.03,7.925,-1.3,0.76,10,OK,LOCK,-74,NOMINAL
2026-09-25T10:06:55Z,415,1903.5,23.1269275,77.4620965,16.11,801.56,7.924,-1.24,0.79,10,OK,LOCK,-74,NOMINAL
2026-09-25T10:06:56Z,416,1906.64,23.126936,77.4621095,16.08,801.25,7.924,-1.18,0.82,10,OK,LOCK,-74,NOMINAL
2026-09-25T10:06:57Z,417,1908.08,23.1269445,77.4621225,16.05,801.11,7.923,-1.12,0.85,10,OK,LOCK,-74,NOMINAL
2026-09-25T10:06:58Z,418,1907.83,23.126953,77.4621354,16.04,801.14,7.922,-1.07,0.87,5,OK,DEGRADED,-74,NOMINAL
2026-09-25T10:06:59Z,419,1905.97,23.1269615,77.4621484,16.03,801.32,7.921,-1.02,0.89,6,OK,DEGRADED,-74,NOMINAL
2026-09-25T10:07:00Z,420,1902.68,23.12697,77.4621614,16.04,801.64,7.921,-0.99,0.91,7,OK,DEGRADED,-74,NOMINAL
2026-09-25T10:07:01Z,421,1898.2,23.1269785,77.4621744,16.05,802.08,7.92,-0.96,0.93,8,OK,LOCK,-74,NOMINAL
2026-09-25T10:07:02Z,422,1892.82,23.126987,77.4621874,16.07,802.61,7.919,-0.95,0.95,9,OK,LOCK,-74,NOMINAL
2026-09-25T10:07:03Z,423,1886.88,23.1269955,77.4622004,16.09,803.19,7.918,-0.95,0.96,10,OK,LOCK,-74,NOMINAL
2026-09-25T10:07:04Z,424,1880.77,23.127004,77.4622133,16.11,803.79,7.917,-0.95,0.97,9,OK,LOCK,-74,NOMINAL
2026-09-25T10:07:05Z,425,1874.9,23.1270125,77.4622263,16.13,804.36,7.917,-0.97,0.98,8,OK,LOCK,-74,NOMINAL
2026-09-25T10:07:06Z,426,1869.66,23.127021,77.4622393,16.14,804.88,7.916,-0.99,0.99,7,OK,DEGRADED,-74,NOMINAL
2026-09-25T10:07:07Z,427,1865.47,23.1270295,77.4622522,16.15,805.29,7.915,-1.01,1.0,6,OK,DEGRADED,-73,NOMINAL
2026-09-25T10:07:08Z,428,1862.67,23.127038,77.4622652,16.16,805.56,7.914,-1.03,1.0,5,OK,DEGRADED,-73,NOMINAL
2026-09-25T10:07:09Z,429,1861.61,23.1270465,77.4622782,16.15,805.67,7.914,-1.05,1.0,10,OK,LOCK,-73,NOMINAL
2026-09-25T10:07:10Z,430,1862.54,23.127055,77.4622912,16.13,805.57,7.913,-1.05,1.0,10,OK,LOCK,-73,NOMINAL
2026-09-25T10:07:11Z,431,1865.68,23.1270635,77.4623041,16.1,805.27,7.912,-1.05,0.99,10,OK,LOCK,-73,NOMINAL
2026-09-25T10:07:12Z,432,1871.16,23.127072,77.4623171,16.05,804.73,7.911,-1.03,0.99,10,OK,LOCK,-73,NOMINAL
2026-09-25T10:07:13Z,433,1879.01,23.1270805,77.4623301,15.99,803.96,7.91,-1.0,0.98,10,OK,LOCK,-73,NOMINAL
2026-09-25T10:07:14Z,434,1889.21,23.127089,77.462343,15.92,802.96,7.91,-0.94,0.97,10,OK,LOCK,-73,NOMINAL
2026-09-25T10:07:15Z,435,1901.64,23.1270975,77.462356,15.83,801.74,7.909,-0.87,0.96,10,OK,LOCK,-73,NOMINAL
2026-09-25T10:07:16Z,436,1916.09,23.127106,77.4623689,15.74,800.33,7.908,-0.78,0.94,10,OK,LOCK,-73,NOMINAL
2026-09-25T10:07:17Z,437,1932.31,23.1271145,77.4623819,15.63,798.75,7.907,-0.66,0.93,10,OK,LOCK,-73,NOMINAL
2026-09-25T10:07:18Z,438,1949.95,23.127123,77.4623949,15.51,797.03,7.907,-0.53,0.91,10,OK,LOCK,-73,NOMINAL
2026-09-25T10:07:19Z,439,1968.65,23.1271315,77.4624078,15.39,795.22,7.906,-0.38,0.88,10,OK,LOCK,-73,NOMINAL
2026-09-25T10:07:20Z,440,1987.99,23.12714,77.4624208,15.26,793.34,7.905,-0.22,0.86,10,OK,LOCK,-73,NOMINAL
2026-09-25T10:07:21Z,441,2007.55,23.1271485,77.4624337,15.14,791.45,7.904,-0.04,0.84,10,OK,LOCK,-73,NOMINAL
2026-09-25T10:07:22Z,442,2026.87,23.127157,77.4624467,15.01,789.59,7.903,0.14,0.81,10,OK,LOCK,-73,NOMINAL
2026-09-25T10:07:23Z,443,2045.56,23.1271655,77.4624596,14.89,787.79,7.903,0.32,0.78,10,OK,LOCK,-73,NOMINAL
2026-09-25T10:07:24Z,444,2063.23,23.127174,77.4624726,14.78,786.1,7.902,0.5,0.75,10,OK,LOCK,-73,NOMINAL
2026-09-25T10:07:25Z,445,2079.53,23.1271825,77.4624855,14.67,784.54,7.901,0.67,0.72,10,OK,LOCK,-73,NOMINAL
2026-09-25T10:07:26Z,446,2094.19,23.127191,77.4624985,14.58,783.14,7.9,0.84,0.68,10,OK,LOCK,-73,NOMINAL
2026-09-25T10:07:27Z,447,2106.99,23.1271995,77.4625114,14.49,781.91,7.899,0.99,0.65,10,OK,LOCK,-73,NOMINAL
2026-09-25T10:07:28Z,448,2117.81,23.127208,77.4625244,14.42,780.88,7.899,1.12,0.61,10,OK,LOCK,-73,NOMINAL
2026-09-25T10:07:29Z,449,2126.59,23.1272165,77.4625373,14.36,780.05,7.898,1.24,0.57,10,OK,LOCK,-73,NOMINAL
2026-09-25T10:07:30Z,450,2133.39,23.127225,77.4625503,14.31,779.4,7.897,1.33,0.53,10,OK,LOCK,-73,NOMINAL
2026-09-25T10:07:31Z,451,2138.31,23.1272335,77.4625632,14.27,778.93,7.896,1.4,0.49,10,OK,LOCK,-73,NOMINAL
2026-09-25T10:07:32Z,452,2141.55,23.127242,77.4625762,14.25,778.63,7.896,1.45,0.45,10,OK,LOCK,-73,NOMINAL
2026-09-25T10:07:33Z,453,2143.4,23.1272505,77.4625891,14.23,778.45,7.895,1.47,0.41,10,OK,LOCK,-73,NOMINAL
2026-09-25T10:07:34Z,454,2144.16,23.127259,77.4626021,14.22,778.38,7.894,1.47,0.36,10,OK,LOCK,-73,NOMINAL
2026-09-25T10:07:35Z,455,2144.23,23.1272675,77.462615,14.21,778.37,7.893,1.46,0.32,10,OK,LOCK,-73,NOMINAL
2026-09-25T10:07:36Z,456,2143.99,23.127276,77.462628,14.2,778.39,7.892,1.42,0.27,10,OK,LOCK,-73,NOMINAL
2026-09-25T10:07:37Z,457,2143.86,23.1272845,77.4626409,14.2,778.41,7.892,1.38,0.23,10,OK,LOCK,-73,NOMINAL
2026-09-25T10:07:38Z,458,2144.26,23.127293,77.4626539,14.19,778.37,7.891,1.33,0.18,10,OK,LOCK,-73,NOMINAL
2026-09-25T10:07:39Z,459,2145.58,23.1273015,77.4626668,14.18,778.24,7.89,1.27,0.13,10,OK,LOCK,-72,NOMINAL
2026-09-25T10:07:40Z,460,2148.16,23.12731,77.4626798,14.16,778.0,7.889,1.2,0.09,10,OK,LOCK,-72,NOMINAL
2026-09-25T10:07:41Z,461,2152.31,23.1273185,77.4626927,14.13,777.6,7.888,1.14,0.04,10,OK,LOCK,-72,NOMINAL
2026-09-25T10:07:42Z,462,2158.25,23.127327,77.4627057,14.09,777.04,7.888,1.08,-0.01,10,OK,LOCK,-72,NOMINAL
2026-09-25T10:07:43Z,463,2166.15,23.1273355,77.4627186,14.04,776.29,7.887,1.03,-0.06,10,OK,LOCK,-72,NOMINAL
2026-09-25T10:07:44Z,464,2176.08,23.127344,77.4627316,13.98,775.35,7.886,0.99,-0.1,10,OK,LOCK,-72,NOMINAL
2026-09-25T10:07:45Z,465,2188.03,23.1273525,77.4627445,13.9,774.22,7.885,0.96,-0.15,10,OK,LOCK,-72,NOMINAL
2026-09-25T10:07:46Z,466,2201.89,23.127361,77.4627575,13.82,772.92,7.885,0.94,-0.2,10,OK,LOCK,-72,NOMINAL
2026-09-25T10:07:47Z,467,2217.48,23.1273695,77.4627704,13.72,771.45,7.884,0.94,-0.24,10,OK,LOCK,-72,NOMINAL
2026-09-25T10:07:48Z,468,2234.53,23.127378,77.4627834,13.62,769.85,7.883,0.94,-0.29,10,OK,LOCK,-72,NOMINAL
2026-09-25T10:07:49Z,469,2252.72,23.1273865,77.4627963,13.51,768.14,7.882,0.95,-0.34,10,OK,LOCK,-72,NOMINAL
2026-09-25T10:07:50Z,470,2271.64,23.127395,77.4628093,13.4,766.37,7.881,0.96,-0.38,10,OK,LOCK,-72,NOMINAL
2026-09-25T10:07:51Z,471,2290.88,23.1274035,77.4628222,13.28,764.57,7.881,0.98,-0.42,10,OK,LOCK,-72,NOMINAL
2026-09-25T10:07:52Z,472,2309.98,23.127412,77.4628352,13.17,762.8,7.88,1.0,-0.47,10,OK,LOCK,-72,NOMINAL
2026-09-25T10:07:53Z,473,2328.47,23.1274205,77.4628482,13.06,761.08,7.879,1.02,-0.51,10,OK,LOCK,-72,NOMINAL
2026-09-25T10:07:54Z,474,2345.91,23.127429,77.4628611,12.96,759.46,7.878,1.03,-0.55,10,OK,LOCK,-72,NOMINAL
2026-09-25T10:07:55Z,475,2361.87,23.1274375,77.4628741,12.87,757.98,7.877,1.03,-0.59,10,OK,LOCK,-72,NOMINAL
2026-09-25T10:07:56Z,476,2375.96,23.127446,77.462887,12.78,756.68,7.877,1.01,-0.63,10,OK,LOCK,-72,NOMINAL
2026-09-25T10:07:57Z,477,2387.89,23.1274545,77.4629,12.71,755.58,7.876,0.98,-0.66,10,OK,LOCK,-72,NOMINAL
2026-09-25T10:07:58Z,478,2397.39,23.127463,77.462913,12.66,754.71,7.875,0.93,-0.7,10,OK,LOCK,-71,NOMINAL
2026-09-25T10:07:59Z,479,2404.31,23.1274715,77.4629259,12.62,754.07,7.874,0.86,-0.73,10,OK,LOCK,-71,NOMINAL
2026-09-25T10:08:00Z,480,2408.57,23.12748,77.4629389,12.6,753.68,7.873,0.78,-0.76,10,OK,LOCK,-71,NOMINAL
2026-09-25T10:08:01Z,481,2410.2,23.1274885,77.4629518,12.59,753.53,7.873,0.67,-0.79,10,OK,LOCK,-71,NOMINAL
2026-09-25T10:08:02Z,482,2409.3,23.127497,77.4629648,12.6,753.61,7.872,0.54,-0.82,10,OK,LOCK,-71,NOMINAL
2026-09-25T10:08:03Z,483,2406.08,23.1275055,77.4629778,12.62,753.91,7.871,0.4,-0.85,10,OK,LOCK,-71,NOMINAL
2026-09-25T10:08:04Z,484,2400.81,23.127514,77.4629908,12.66,754.39,7.87,0.24,-0.87,10,OK,LOCK,-71,NOMINAL
2026-09-25T10:08:05Z,485,2393.84,23.1275225,77.4630037,12.7,755.03,7.869,0.07,-0.89,10,OK,LOCK,-71,NOMINAL
2026-09-25T10:08:06Z,486,2385.58,23.127531,77.4630167,12.76,755.8,7.869,-0.11,-0.91,10,OK,LOCK,-71,NOMINAL
2026-09-25T10:08:07Z,487,2376.46,23.1275395,77.4630297,12.82,756.64,7.868,-0.29,-0.93,10,OK,LOCK,-71,NOMINAL
2026-09-25T10:08:08Z,488,2366.96,23.127548,77.4630427,12.88,757.51,7.867,-0.48,-0.95,10,OK,LOCK,-71,NOMINAL
2026-09-25T10:08:09Z,489,2357.55,23.1275565,77.4630556,12.94,758.38,7.866,-0.65,-0.96,10,OK,LOCK,-71,NOMINAL
2026-09-25T10:08:10Z,490,2348.67,23.127565,77.4630686,13.0,759.2,7.865,-0.82,-0.97,10,OK,LOCK,-71,NOMINAL
2026-09-25T10:08:11Z,491,2340.76,23.1275735,77.4630816,13.05,759.94,7.865,-0.97,-0.98,10,OK,LOCK,-71,NOMINAL
2026-09-25T10:08:12Z,492,2334.19,23.127582,77.4630946,13.1,760.55,7.864,-1.11,-0.99,10,OK,LOCK,-71,NOMINAL
2026-09-25T10:08:13Z,493,2329.26,23.1275905,77.4631076,13.13,761.0,7.863,-1.23,-1.0,10,OK,LOCK,-71,NOMINAL
2026-09-25T10:08:14Z,494,2326.2,23.127599,77.4631205,13.16,761.29,7.862,-1.33,-1.0,10,OK,LOCK,-71,NOMINAL
2026-09-25T10:08:15Z,495,2325.18,23.1276075,77.4631335,13.17,761.38,7.861,-1.4,-1.0,10,OK,LOCK,-71,NOMINAL
2026-09-25T10:08:16Z,496,2326.23,23.127616,77.4631465,13.17,761.29,7.861,-1.45,-1.0,10,OK,LOCK,-71,NOMINAL
2026-09-25T10:08:17Z,497,2329.33,23.1276245,77.4631595,13.16,761.0,7.86,-1.48,-0.99,10,OK,LOCK,-71,NOMINAL
2026-09-25T10:08:18Z,498,2334.34,23.127633,77.4631725,13.14,760.53,7.859,-1.49,-0.99,10,OK,LOCK,-71,NOMINAL
2026-09-25T10:08:19Z,499,2341.05,23.1276415,77.4631855,13.11,759.91,7.858,-1.48,-0.98,10,OK,LOCK,-71,NOMINAL
2026-09-25T10:08:20Z,500,2349.17,23.12765,77.4631985,13.08,759.16,7.858,-1.45,-0.97,10,OK,LOCK,-71,NOMINAL
2026-09-25T10:08:21Z,501,2358.33,23.1276585,77.4632115,13.03,758.31,7.857,-1.41,-0.96,10,OK,LOCK,-71,NOMINAL
2026-09-25T10:08:22Z,502,2368.12,23.127667,77.4632245,12.98,757.41,7.856,-1.35,-0.94,10,OK,LOCK,-71,NOMINAL
2026-09-25T10:08:23Z,503,2378.1,23.1276755,77.4632375,12.93,756.49,7.855,-1.29,-0.92,10,OK,LOCK,-71,NOMINAL
2026-09-25T10:08:24Z,504,2387.81,23.127684,77.4632505,12.89,755.59,7.854,-1.23,-0.91,10,OK,LOCK,-71,NOMINAL
2026-09-25T10:08:25Z,505,2396.79,23.1276925,77.4632635,12.85,754.76,7.853,-1.16,-0.88,10,OK,LOCK,-71,NOMINAL
2026-09-25T10:08:26Z,506,2404.62,23.127701,77.4632765,12.81,754.04,7.853,-1.1,-0.86,10,OK,LOCK,-71,NOMINAL
2026-09-25T10:08:27Z,507,2410.88,23.1277095,77.4632895,12.79,753.47,7.852,-1.05,-0.84,10,OK,LOCK,-71,NOMINAL
2026-09-25T10:08:28Z,508,2415.26,23.127718,77.4633025,12.77,753.06,7.851,-1.0,-0.81,10,OK,LOCK,-71,NOMINAL
2026-09-25T10:08:29Z,509,2417.48,23.1277265,77.4633156,12.77,752.86,7.85,-0.97,-0.78,10,OK,LOCK,-71,NOMINAL
2026-09-25T10:08:30Z,510,2417.37,23.127735,77.4633286,12.78,752.87,7.849,-0.94,-0.75,10,OK,LOCK,-71,NOMINAL
2026-09-25T10:08:31Z,511,2414.82,23.1277435,77.4633416,12.81,753.11,7.849,-0.93,-0.72,10,OK,LOCK,-71,NOMINAL
2026-09-25T10:08:32Z,512,2409.86,23.127752,77.4633546,12.85,753.56,7.848,-0.92,-0.68,10,OK,LOCK,-86,LINK_MARGIN_LOW
2026-09-25T10:08:33Z,513,2402.58,23.1277605,77.4633676,12.91,754.23,7.847,-0.93,-0.65,10,OK,LOCK,-86,LINK_MARGIN_LOW
2026-09-25T10:08:34Z,514,2393.18,23.127769,77.4633806,12.98,755.1,7.846,-0.94,-0.61,10,OK,LOCK,-86,LINK_MARGIN_LOW
2026-09-25T10:08:35Z,515,2381.96,23.1277775,77.4633937,13.06,756.13,7.845,-0.96,-0.57,10,OK,LOCK,-86,LINK_MARGIN_LOW
2026-09-25T10:08:36Z,516,2369.26,23.127786,77.4634067,13.15,757.3,7.845,-0.98,-0.53,10,OK,LOCK,-86,LINK_MARGIN_LOW
2026-09-25T10:08:37Z,517,2355.53,23.1277945,77.4634197,13.24,758.57,7.844,-0.99,-0.49,10,OK,LOCK,-86,LINK_MARGIN_LOW
2026-09-25T10:08:38Z,518,2341.23,23.127803,77.4634327,13.34,759.89,7.843,-1.0,-0.45,10,OK,LOCK,-86,LINK_MARGIN_LOW
2026-09-25T10:08:39Z,519,2326.87,23.1278115,77.4634458,13.44,761.23,7.842,-1.0,-0.41,10,OK,LOCK,-86,LINK_MARGIN_LOW
2026-09-25T10:08:40Z,520,2312.97,23.12782,77.4634588,13.53,762.52,7.841,-0.99,-0.36,10,OK,LOCK,-86,LINK_MARGIN_LOW
2026-09-25T10:08:41Z,521,2300.04,23.1278285,77.4634718,13.63,763.72,7.841,-0.96,-0.32,10,OK,LOCK,-71,NOMINAL
2026-09-25T10:08:42Z,522,2288.54,23.127837,77.4634849,13.71,764.79,7.84,-0.92,-0.27,10,OK,LOCK,-71,NOMINAL
2026-09-25T10:08:43Z,523,2278.92,23.1278455,77.4634979,13.78,765.69,7.839,-0.86,-0.23,10,OK,LOCK,-71,NOMINAL
2026-09-25T10:08:44Z,524,2271.53,23.127854,77.4635109,13.84,766.38,7.838,-0.77,-0.18,10,OK,LOCK,-71,NOMINAL
2026-09-25T10:08:45Z,525,2266.67,23.1278625,77.463524,13.88,766.84,7.837,-0.67,-0.13,10,OK,LOCK,-71,NOMINAL
2026-09-25T10:08:46Z,526,2264.54,23.127871,77.463537,13.91,767.03,7.837,-0.55,-0.09,10,OK,LOCK,-71,NOMINAL
2026-09-25T10:08:47Z,527,2265.23,23.1278795,77.4635501,13.92,766.97,7.836,-0.41,-0.04,10,OK,LOCK,-71,NOMINAL
2026-09-25T10:08:48Z,528,2268.74,23.127888,77.4635631,13.92,766.64,7.835,-0.25,0.01,10,OK,LOCK,-71,NOMINAL
2026-09-25T10:08:49Z,529,2274.98,23.1278965,77.4635761,13.89,766.06,7.834,-0.09,0.06,10,OK,LOCK,-71,NOMINAL
2026-09-25T10:08:50Z,530,2283.75,23.127905,77.4635892,13.86,765.24,7.833,0.09,0.11,10,OK,LOCK,-71,NOMINAL
2026-09-25T10:08:51Z,531,2294.76,23.1279135,77.4636022,13.81,764.21,7.833,0.27,0.15,10,OK,LOCK,-71,NOMINAL
2026-09-25T10:08:52Z,532,2307.65,23.127922,77.4636153,13.75,763.01,7.832,0.45,0.2,10,OK,LOCK,-71,NOMINAL
2026-09-25T10:08:53Z,533,2321.99,23.1279305,77.4636283,13.68,761.68,7.831,0.63,0.25,10,OK,LOCK,-71,NOMINAL
2026-09-25T10:08:54Z,534,2337.31,23.127939,77.4636414,13.61,760.26,7.83,0.8,0.29,10,OK,LOCK,-71,NOMINAL
2026-09-25T10:08:55Z,535,2353.12,23.1279475,77.4636544,13.53,758.79,7.829,0.96,0.34,10,OK,LOCK,-71,NOMINAL
2026-09-25T10:08:56Z,536,2368.91,23.127956,77.4636675,13.45,757.33,7.829,1.1,0.38,10,OK,LOCK,-71,NOMINAL
2026-09-25T10:08:57Z,537,2384.19,23.1279645,77.4636805,13.38,755.92,7.828,1.22,0.42,10,OK,LOCK,-71,NOMINAL
2026-09-25T10:08:58Z,538,2398.5,23.127973,77.4636936,13.31,754.61,7.827,1.33,0.47,10,OK,LOCK,-71,NOMINAL
2026-09-25T10:08:59Z,539,2411.44,23.1279815,77.4637066,13.25,753.42,7.826,1.41,0.51,10,OK,LOCK,-71,NOMINAL
2026-09-25T10:09:00Z,540,2422.67,23.12799,77.4637197,13.2,752.38,7.825,1.46,0.55,10,OK,LOCK,-71,NOMINAL
2026-09-25T10:09:01Z,541,2431.95,23.1279985,77.4637327,13.16,751.53,7.824,1.5,0.59,10,OK,LOCK,-71,NOMINAL
2026-09-25T10:09:02Z,542,2439.1,23.128007,77.4637458,13.14,750.88,7.824,1.51,0.63,10,OK,LOCK,-71,NOMINAL
2026-09-25T10:09:03Z,543,2444.07,23.1280155,77.4637588,13.12,750.42,7.823,1.5,0.66,10,OK,LOCK,-71,NOMINAL
2026-09-25T10:09:04Z,544,2446.89,23.128024,77.4637719,13.12,750.17,7.822,1.47,0.7,10,OK,LOCK,-71,NOMINAL
2026-09-25T10:09:05Z,545,2447.72,23.1280325,77.4637849,13.13,750.09,7.821,1.43,0.73,10,OK,LOCK,-71,NOMINAL
2026-09-25T10:09:06Z,546,2446.78,23.128041,77.463798,13.16,750.18,7.82,1.38,0.76,10,OK,LOCK,-71,NOMINAL
2026-09-25T10:09:07Z,547,2444.4,23.1280495,77.463811,13.19,750.39,7.82,1.32,0.79,10,OK,LOCK,-71,NOMINAL
2026-09-25T10:09:08Z,548,2440.98,23.128058,77.4638241,13.22,750.71,7.819,1.25,0.82,10,OK,LOCK,-71,NOMINAL
2026-09-25T10:09:09Z,549,2436.96,23.1280665,77.4638371,13.26,751.07,7.818,1.18,0.85,10,OK,LOCK,-71,NOMINAL
2026-09-25T10:09:10Z,550,2432.84,23.128075,77.4638502,13.3,751.45,7.817,1.12,0.87,10,OK,LOCK,-71,NOMINAL
2026-09-25T10:09:11Z,551,2429.13,23.1280835,77.4638632,13.34,751.79,7.816,1.06,0.89,10,OK,LOCK,-71,NOMINAL
2026-09-25T10:09:12Z,552,2426.34,23.128092,77.4638763,13.37,752.05,7.815,1.01,0.91,10,OK,LOCK,-71,NOMINAL
2026-09-25T10:09:13Z,553,2424.95,23.1281005,77.4638893,13.4,752.18,7.815,0.97,0.93,10,OK,LOCK,-71,NOMINAL
2026-09-25T10:09:14Z,554,2425.4,23.128109,77.4639024,13.41,752.13,7.814,0.94,0.95,10,OK,LOCK,-71,NOMINAL
2026-09-25T10:09:15Z,555,2428.08,23.1281175,77.4639154,13.41,751.89,7.813,0.92,0.96,10,OK,LOCK,-71,NOMINAL
2026-09-25T10:09:16Z,556,2433.29,23.128126,77.4639285,13.39,751.41,7.812,0.91,0.97,10,OK,LOCK,-71,NOMINAL
2026-09-25T10:09:17Z,557,2441.25,23.1281345,77.4639415,13.36,750.68,7.811,0.91,0.98,10,OK,LOCK,-72,NOMINAL
2026-09-25T10:09:18Z,558,2452.06,23.128143,77.4639546,13.31,749.69,7.811,0.92,0.99,10,OK,LOCK,-72,NOMINAL
2026-09-25T10:09:19Z,559,2465.73,23.1281515,77.4639676,13.25,748.44,7.81,0.94,1.0,10,OK,LOCK,-72,NOMINAL
2026-09-25T10:09:20Z,560,2482.18,23.12816,77.4639807,13.16,746.94,7.809,0.95,1.0,10,OK,LOCK,-72,NOMINAL
2026-09-25T10:09:21Z,561,2501.18,23.1281685,77.4639937,13.07,745.22,7.808,0.97,1.0,10,OK,LOCK,-72,NOMINAL
2026-09-25T10:09:22Z,562,2522.45,23.128177,77.4640068,12.96,743.29,7.807,0.98,1.0,10,OK,LOCK,-72,NOMINAL
2026-09-25T10:09:23Z,563,2545.59,23.1281855,77.4640198,12.83,741.19,7.807,0.98,0.99,10,OK,LOCK,-72,NOMINAL
2026-09-25T10:09:24Z,564,2570.14,23.128194,77.4640328,12.7,738.97,7.806,0.97,0.99,10,OK,LOCK,-72,NOMINAL
2026-09-25T10:09:25Z,565,2595.59,23.1282025,77.4640459,12.57,736.68,7.805,0.95,0.98,10,OK,LOCK,-72,NOMINAL
2026-09-25T10:09:26Z,566,2621.4,23.128211,77.4640589,12.43,734.37,7.804,0.91,0.97,10,OK,LOCK,-72,NOMINAL
2026-09-25T10:09:27Z,567,2646.98,23.1282195,77.464072,12.29,732.08,7.803,0.85,0.96,10,OK,LOCK,-72,NOMINAL
2026-09-25T10:09:28Z,568,2671.8,23.128228,77.464085,12.16,729.87,7.802,0.77,0.94,10,OK,LOCK,-72,NOMINAL
2026-09-25T10:09:29Z,569,2695.32,23.1282365,77.464098,12.03,727.78,7.802,0.67,0.92,10,OK,LOCK,-72,NOMINAL
2026-09-25T10:09:30Z,570,2717.05,23.128245,77.4641111,11.91,725.85,7.801,0.56,0.91,10,OK,LOCK,-72,NOMINAL
2026-09-25T10:09:31Z,571,2736.59,23.1282535,77.4641241,11.81,724.13,7.8,0.42,0.88,10,OK,LOCK,-72,BATTERY_WARN
2026-09-25T10:09:32Z,572,2753.61,23.128262,77.4641372,11.72,722.62,7.799,0.27,0.86,10,OK,LOCK,-72,BATTERY_WARN
2026-09-25T10:09:33Z,573,2767.87,23.1282705,77.4641502,11.65,721.37,7.798,0.11,0.84,10,OK,LOCK,-72,BATTERY_WARN
2026-09-25T10:09:34Z,574,2779.25,23.128279,77.4641632,11.6,720.37,7.797,-0.07,0.81,10,OK,LOCK,-72,BATTERY_WARN
2026-09-25T10:09:35Z,575,2787.72,23.1282875,77.4641762,11.56,719.62,7.797,-0.25,0.78,10,OK,LOCK,-73,BATTERY_WARN
2026-09-25T10:09:36Z,576,2793.38,23.128296,77.4641893,11.54,719.13,7.796,-0.43,0.75,10,OK,LOCK,-73,BATTERY_WARN
2026-09-25T10:09:37Z,577,2796.41,23.1283045,77.4642023,11.53,718.86,7.795,-0.61,0.72,10,OK,LOCK,-73,BATTERY_WARN
2026-09-25T10:09:38Z,578,2797.12,23.128313,77.4642153,11.53,718.8,7.794,-0.78,0.68,10,OK,LOCK,-73,BATTERY_WARN
2026-09-25T10:09:39Z,579,2795.87,23.1283215,77.4642283,11.55,718.91,7.793,-0.94,0.65,10,OK,LOCK,-73,BATTERY_WARN
2026-09-25T10:09:40Z,580,2793.12,23.12833,77.4642414,11.58,719.15,7.793,-1.09,0.61,10,OK,LOCK,-73,BATTERY_WARN
2026-09-25T10:09:41Z,581,2789.37,23.1283385,77.4642544,11.61,719.48,7.792,-1.21,0.57,10,OK,LOCK,-73,BATTERY_WARN
2026-09-25T10:09:42Z,582,2785.13,23.128347,77.4642674,11.64,719.85,7.791,-1.32,0.53,10,OK,LOCK,-73,BATTERY_WARN
2026-09-25T10:09:43Z,583,2780.96,23.1283555,77.4642804,11.68,720.22,7.79,-1.41,0.49,10,OK,LOCK,-73,BATTERY_WARN
2026-09-25T10:09:44Z,584,2777.36,23.128364,77.4642934,11.71,720.53,7.789,-1.47,0.45,10,OK,LOCK,-73,BATTERY_WARN
2026-09-25T10:09:45Z,585,2774.85,23.1283725,77.4643065,11.73,720.75,7.788,-1.51,0.41,10,OK,LOCK,-73,BATTERY_WARN
2026-09-25T10:09:46Z,586,2773.84,23.128381,77.4643195,11.75,720.84,7.788,-1.52,0.36,10,OK,LOCK,-73,BATTERY_WARN
2026-09-25T10:09:47Z,587,2774.71,23.1283895,77.4643325,11.75,720.77,7.787,-1.52,0.32,10,OK,LOCK,-73,BATTERY_WARN
2026-09-25T10:09:48Z,588,2777.72,23.128398,77.4643455,11.74,720.5,7.786,-1.49,0.27,10,OK,LOCK,-73,BATTERY_WARN
2026-09-25T10:09:49Z,589,2783.05,23.1284065,77.4643585,11.71,720.03,7.785,-1.45,0.22,10,OK,LOCK,-73,BATTERY_WARN
2026-09-25T10:09:50Z,590,2790.77,23.128415,77.4643715,11.67,719.36,7.784,-1.4,0.18,10,OK,LOCK,-73,BATTERY_WARN
2026-09-25T10:09:51Z,591,2800.83,23.1284235,77.4643845,11.62,718.47,7.783,-1.34,0.13,10,OK,LOCK,-73,BATTERY_WARN
2026-09-25T10:09:52Z,592,2813.07,23.128432,77.4643975,11.56,717.4,7.783,-1.27,0.08,10,OK,LOCK,-73,BATTERY_WARN
2026-09-25T10:09:53Z,593,2827.25,23.1284405,77.4644105,11.48,716.16,7.782,-1.2,0.04,10,OK,LOCK,-73,BATTERY_WARN
2026-09-25T10:09:54Z,594,2842.99,23.128449,77.4644235,11.39,714.79,7.781,-1.14,-0.01,10,OK,LOCK,-73,BATTERY_WARN
2026-09-25T10:09:55Z,595,2859.88,23.1284575,77.4644365,11.3,713.32,7.78,-1.07,-0.06,10,OK,LOCK,-73,BATTERY_WARN
2026-09-25T10:09:56Z,596,2877.41,23.128466,77.4644495,11.2,711.8,7.779,-1.02,-0.11,10,OK,LOCK,-73,BATTERY_WARN
2026-09-25T10:09:57Z,597,2895.04,23.1284745,77.4644625,11.1,710.27,7.778,-0.97,-0.15,10,OK,LOCK,-73,BATTERY_WARN
2026-09-25T10:09:58Z,598,2912.2,23.128483,77.4644755,11.0,708.78,7.778,-0.94,-0.2,10,OK,LOCK,-73,BATTERY_WARN
2026-09-25T10:09:59Z,599,2928.33,23.1284915,77.4644885,10.91,707.39,7.777,-0.91,-0.25,10,OK,LOCK,-73,BATTERY_WARN
2026-09-25T10:10:00Z,600,2942.88,23.1285,77.4645014,10.83,706.14,7.776,-0.9,-0.29,10,OK,LOCK,-73,BATTERY_WARN
2026-09-25T10:10:01Z,601,2760.6,23.1285085,77.4645144,11.9,722.01,7.775,-0.9,-0.34,10,OK,LOCK,-73,BATTERY_WARN
2026-09-25T10:10:02Z,602,2761.2,23.128517,77.4645274,11.9,721.96,7.774,-0.9,-0.38,10,OK,LOCK,-73,BATTERY_WARN
2026-09-25T10:10:03Z,603,2761.8,23.1285255,77.4645404,11.9,721.9,7.774,-0.91,-0.43,10,OK,LOCK,-73,BATTERY_WARN
2026-09-25T10:10:04Z,604,2762.4,23.128534,77.4645534,11.9,721.85,7.773,-0.93,-0.47,10,OK,LOCK,-73,BATTERY_WARN
2026-09-25T10:10:05Z,605,2763.0,23.1285425,77.4645664,11.9,721.8,7.772,-0.94,-0.51,10,OK,LOCK,-73,BATTERY_WARN
2026-09-25T10:10:06Z,606,2763.6,23.128551,77.4645793,11.89,721.74,7.771,-0.95,-0.55,10,OK,LOCK,-73,BATTERY_WARN
2026-09-25T10:10:07Z,607,2764.2,23.1285595,77.4645923,11.89,721.69,7.77,-0.95,-0.59,10,OK,LOCK,-74,BATTERY_WARN
2026-09-25T10:10:08Z,608,2764.8,23.128568,77.4646053,11.89,721.64,7.769,-0.95,-0.63,10,OK,LOCK,-74,BATTERY_WARN
2026-09-25T10:10:09Z,609,2765.4,23.1285765,77.4646183,11.88,721.59,7.769,-0.93,-0.66,10,OK,LOCK,-74,BATTERY_WARN
2026-09-25T10:10:10Z,610,2766.0,23.128585,77.4646312,11.88,721.53,7.768,-0.89,-0.7,10,OK,LOCK,-74,BATTERY_WARN
2026-09-25T10:10:11Z,611,2766.6,23.1285935,77.4646442,11.88,721.48,7.767,-0.84,-0.73,10,OK,LOCK,-74,BATTERY_WARN
2026-09-25T10:10:12Z,612,2767.2,23.128602,77.4646572,11.87,721.43,7.766,-0.77,-0.76,10,OK,LOCK,-74,BATTERY_WARN
2026-09-25T10:10:13Z,613,2767.8,23.1286105,77.4646701,11.87,721.37,7.765,-0.67,-0.79,10,OK,LOCK,-74,BATTERY_WARN
2026-09-25T10:10:14Z,614,2768.4,23.128619,77.4646831,11.86,721.32,7.764,-0.56,-0.82,10,OK,LOCK,-74,BATTERY_WARN
2026-09-25T10:10:15Z,615,2769.0,23.1286275,77.4646961,11.85,721.27,7.764,-0.43,-0.85,10,OK,LOCK,-74,BATTERY_WARN
2026-09-25T10:10:16Z,616,2769.6,23.128636,77.464709,11.85,721.22,7.763,-0.28,-0.87,10,OK,LOCK,-74,BATTERY_WARN
2026-09-25T10:10:17Z,617,2770.2,23.1286445,77.464722,11.84,721.16,7.762,-0.12,-0.89,10,OK,LOCK,-74,BATTERY_WARN
2026-09-25T10:10:18Z,618,2770.8,23.128653,77.4647349,11.83,721.11,7.761,0.05,-0.91,10,OK,LOCK,-74,BATTERY_WARN
2026-09-25T10:10:19Z,619,2771.4,23.1286615,77.4647479,11.83,721.06,7.76,0.22,-0.93,10,OK,LOCK,-74,BATTERY_WARN
2026-09-25T10:10:20Z,620,2772.0,23.12867,77.4647609,11.82,721.01,7.759,0.41,-0.95,10,OK,LOCK,-74,BATTERY_WARN
2026-09-25T10:10:21Z,621,2772.6,23.1286785,77.4647738,11.81,720.95,7.759,0.58,-0.96,10,OK,LOCK,-74,BATTERY_WARN
2026-09-25T10:10:22Z,622,2773.2,23.128687,77.4647868,11.8,720.9,7.758,0.76,-0.97,10,OK,LOCK,-74,BATTERY_WARN
2026-09-25T10:10:23Z,623,2773.8,23.1286955,77.4647997,11.79,720.85,7.757,0.92,-0.98,10,OK,LOCK,-74,BATTERY_WARN
2026-09-25T10:10:24Z,624,2774.4,23.128704,77.4648127,11.78,720.79,7.756,1.07,-0.99,10,OK,LOCK,-74,BATTERY_WARN
2026-09-25T10:10:25Z,625,2775.0,23.1287125,77.4648256,11.77,720.74,7.755,1.2,-1.0,10,OK,LOCK,-75,BATTERY_WARN
2026-09-25T10:10:26Z,626,2775.6,23.128721,77.4648386,11.76,720.69,7.754,1.31,-1.0,10,OK,LOCK,-75,BATTERY_WARN
2026-09-25T10:10:27Z,627,2776.2,23.1287295,77.4648515,11.75,720.64,7.753,1.41,-1.0,10,OK,LOCK,-75,BATTERY_WARN
2026-09-25T10:10:28Z,628,2776.8,23.128738,77.4648645,11.74,720.58,7.753,1.47,-1.0,10,OK,LOCK,-75,BATTERY_WARN
2026-09-25T10:10:29Z,629,2777.4,23.1287465,77.4648774,11.73,720.53,7.752,1.52,-0.99,10,OK,LOCK,-75,BATTERY_WARN
2026-09-25T10:10:30Z,630,2778.0,23.128755,77.4648904,11.72,720.48,7.751,1.54,-0.99,10,OK,LOCK,-75,BATTERY_WARN
2026-09-25T10:10:31Z,631,2778.6,23.1287635,77.4649033,11.71,720.43,7.75,1.54,-0.98,10,OK,LOCK,-75,BATTERY_WARN
2026-09-25T10:10:32Z,632,2779.2,23.128772,77.4649163,11.7,720.37,7.749,1.52,-0.97,10,OK,LOCK,-75,BATTERY_WARN
2026-09-25T10:10:33Z,633,2779.8,23.1287805,77.4649292,11.68,720.32,7.748,1.48,-0.96,10,OK,LOCK,-75,BATTERY_WARN
2026-09-25T10:10:34Z,634,2780.4,23.128789,77.4649422,11.67,720.27,7.748,1.43,-0.94,10,OK,LOCK,-75,BATTERY_WARN
2026-09-25T10:10:35Z,635,2781.0,23.1287975,77.4649551,11.66,720.21,7.747,1.37,-0.92,10,OK,LOCK,-75,BATTERY_WARN
2026-09-25T10:10:36Z,636,2781.6,23.128806,77.4649681,11.64,720.16,7.746,1.3,-0.9,10,OK,LOCK,-75,BATTERY_WARN
2026-09-25T10:10:37Z,637,2782.2,23.1288145,77.464981,11.63,720.11,7.745,1.23,-0.88,10,OK,LOCK,-75,BATTERY_WARN
2026-09-25T10:10:38Z,638,2782.8,23.128823,77.464994,11.62,720.06,7.744,1.16,-0.86,10,OK,LOCK,-75,BATTERY_WARN
2026-09-25T10:10:39Z,639,2783.4,23.1288315,77.4650069,11.6,720.0,7.743,1.09,-0.83,10,OK,LOCK,-75,BATTERY_WARN
2026-09-25T10:10:40Z,640,2784.0,23.12884,77.4650199,11.59,719.95,7.743,1.03,-0.81,10,OK,LOCK,-75,BATTERY_WARN
2026-09-25T10:10:41Z,641,2784.6,23.1288485,77.4650328,11.57,719.9,7.742,0.98,-0.78,10,OK,LOCK,-75,BATTERY_WARN
2026-09-25T10:10:42Z,642,2785.2,23.128857,77.4650458,11.56,719.85,7.741,0.94,-0.75,10,OK,LOCK,-75,BATTERY_WARN
2026-09-25T10:10:43Z,643,2785.8,23.1288655,77.4650587,11.54,719.79,7.74,0.91,-0.72,10,OK,LOCK,-75,BATTERY_WARN
2026-09-25T10:10:44Z,644,2786.4,23.128874,77.4650717,11.53,719.74,7.739,0.89,-0.68,10,OK,LOCK,-75,BATTERY_WARN
2026-09-25T10:10:45Z,645,2787.0,23.1288825,77.4650846,11.51,719.69,7.738,0.88,-0.65,10,OK,LOCK,-75,BATTERY_WARN
2026-09-25T10:10:46Z,646,2787.6,23.128891,77.4650976,11.5,719.63,7.738,0.88,-0.61,10,OK,LOCK,-75,BATTERY_WARN
2026-09-25T10:10:47Z,647,2788.2,23.1288995,77.4651105,11.48,719.58,7.737,0.89,-0.57,10,OK,LOCK,-75,BATTERY_WARN
2026-09-25T10:10:48Z,648,2788.8,23.128908,77.4651235,11.46,719.53,7.736,0.9,-0.53,10,OK,LOCK,-75,BATTERY_WARN
2026-09-25T10:10:49Z,649,2789.4,23.1289165,77.4651364,11.45,719.48,7.735,0.91,-0.49,10,OK,LOCK,-75,BATTERY_WARN
2026-09-25T10:10:50Z,650,2790.0,23.128925,77.4651494,11.43,719.42,7.734,0.92,-0.45,10,OK,LOCK,-75,BATTERY_WARN
2026-09-25T10:10:51Z,651,2790.6,23.1289335,77.4651623,11.41,719.37,7.733,0.93,-0.4,10,OK,LOCK,-75,BATTERY_WARN
2026-09-25T10:10:52Z,652,2791.2,23.128942,77.4651753,11.39,719.32,7.732,0.92,-0.36,10,OK,LOCK,-75,BATTERY_WARN
2026-09-25T10:10:53Z,653,2791.8,23.1289505,77.4651882,11.38,719.27,7.732,0.91,-0.32,10,OK,LOCK,-75,BATTERY_WARN
2026-09-25T10:10:54Z,654,2792.4,23.128959,77.4652012,11.36,719.21,7.731,0.88,-0.27,10,OK,LOCK,-75,BATTERY_WARN
2026-09-25T10:10:55Z,655,2793.0,23.1289675,77.4652142,11.34,719.16,7.73,0.83,-0.22,10,OK,LOCK,-75,BATTERY_WARN
2026-09-25T10:10:56Z,656,2793.6,23.128976,77.4652271,11.32,719.11,7.729,0.76,-0.18,10,OK,LOCK,-75,BATTERY_WARN
2026-09-25T10:10:57Z,657,2794.2,23.1289845,77.4652401,11.31,719.06,7.728,0.67,-0.13,10,OK,LOCK,-75,BATTERY_WARN
2026-09-25T10:10:58Z,658,2794.8,23.128993,77.465253,11.29,719.0,7.727,0.57,-0.08,10,OK,LOCK,-75,BATTERY_WARN
2026-09-25T10:10:59Z,659,2795.4,23.1290015,77.465266,11.27,718.95,7.727,0.44,-0.03,10,OK,LOCK,-75,BATTERY_WARN
2026-09-25T10:11:00Z,660,2796.0,23.12901,77.465279,11.25,718.9,7.726,0.3,0.01,10,OK,LOCK,-75,BATTERY_WARN
2026-09-25T10:11:01Z,661,2796.6,23.1290185,77.4652919,11.23,718.85,7.725,0.14,0.06,10,OK,LOCK,-75,BATTERY_WARN
2026-09-25T10:11:02Z,662,2797.2,23.129027,77.4653049,11.21,718.79,7.724,-0.03,0.11,10,OK,LOCK,-75,BATTERY_WARN
2026-09-25T10:11:03Z,663,2797.8,23.1290355,77.4653179,11.19,718.74,7.723,-0.2,0.15,10,OK,LOCK,-75,BATTERY_WARN
2026-09-25T10:11:04Z,664,2798.4,23.129044,77.4653308,11.17,718.69,7.722,-0.38,0.2,10,OK,LOCK,-75,BATTERY_WARN
2026-09-25T10:11:05Z,665,2799.0,23.1290525,77.4653438,11.15,718.64,7.721,-0.56,0.25,10,OK,LOCK,-75,BATTERY_WARN
2026-09-25T10:11:06Z,666,2799.6,23.129061,77.4653568,11.13,718.58,7.721,-0.74,0.29,10,OK,LOCK,-75,BATTERY_WARN
2026-09-25T10:11:07Z,667,2800.2,23.1290695,77.4653697,11.12,718.53,7.72,-0.9,0.34,10,OK,LOCK,-75,BATTERY_WARN
2026-09-25T10:11:08Z,668,2800.8,23.129078,77.4653827,11.1,718.48,7.719,-1.05,0.38,10,OK,LOCK,-75,BATTERY_WARN
2026-09-25T10:11:09Z,669,2801.4,23.1290865,77.4653957,11.08,718.42,7.718,-1.19,0.43,10,OK,LOCK,-75,BATTERY_WARN
2026-09-25T10:11:10Z,670,2802.0,23.129095,77.4654087,11.06,718.37,7.717,-1.31,0.47,10,OK,LOCK,-75,BATTERY_WARN
2026-09-25T10:11:11Z,671,2802.6,23.1291035,77.4654216,11.04,718.32,7.716,-1.4,0.51,10,OK,LOCK,-75,BATTERY_WARN
2026-09-25T10:11:12Z,672,2803.2,23.129112,77.4654346,11.02,718.27,7.715,-1.48,0.55,10,OK,LOCK,-75,BATTERY_WARN
2026-09-25T10:11:13Z,673,2803.8,23.1291205,77.4654476,11.0,718.21,7.715,-1.52,0.59,10,OK,LOCK,-75,BATTERY_WARN
2026-09-25T10:11:14Z,674,2804.4,23.129129,77.4654606,10.98,718.16,7.714,-1.55,0.63,10,OK,LOCK,-75,BATTERY_WARN
2026-09-25T10:11:15Z,675,2805.0,23.1291375,77.4654736,10.96,718.11,7.713,-1.55,0.66,10,OK,LOCK,-75,BATTERY_WARN
2026-09-25T10:11:16Z,676,2805.6,23.129146,77.4654865,10.94,718.06,7.712,-1.54,0.7,10,OK,LOCK,-75,BATTERY_WARN
2026-09-25T10:11:17Z,677,2806.2,23.1291545,77.4654995,10.92,718.0,7.711,-1.5,0.73,10,OK,LOCK,-75,BATTERY_WARN
2026-09-25T10:11:18Z,678,2806.8,23.129163,77.4655125,10.9,717.95,7.71,-1.45,0.76,10,OK,LOCK,-75,BATTERY_WARN
2026-09-25T10:11:19Z,679,2807.4,23.1291715,77.4655255,10.88,717.9,7.709,-1.39,0.79,10,OK,LOCK,-75,BATTERY_WARN
2026-09-25T10:11:20Z,680,2808.0,23.12918,77.4655385,10.86,717.85,7.709,-1.32,0.82,10,OK,LOCK,-75,BATTERY_WARN
2026-09-25T10:11:21Z,681,2808.6,23.1291885,77.4655515,10.84,717.79,7.708,-1.25,0.85,10,OK,LOCK,-75,BATTERY_WARN
2026-09-25T10:11:22Z,682,2809.2,23.129197,77.4655645,10.82,717.74,7.707,-1.18,0.87,10,OK,LOCK,-75,BATTERY_WARN
2026-09-25T10:11:23Z,683,2809.8,23.1292055,77.4655775,10.8,717.69,7.706,-1.11,0.89,10,OK,LOCK,-75,BATTERY_WARN
2026-09-25T10:11:24Z,684,2810.4,23.129214,77.4655905,10.78,717.64,7.705,-1.04,0.91,10,OK,LOCK,-75,BATTERY_WARN
2026-09-25T10:11:25Z,685,2811.0,23.1292225,77.4656035,10.76,717.58,7.704,-0.98,0.93,10,OK,LOCK,-75,BATTERY_WARN
2026-09-25T10:11:26Z,686,2811.6,23.129231,77.4656165,10.74,717.53,7.704,-0.94,0.95,10,OK,LOCK,-75,BATTERY_WARN
2026-09-25T10:11:27Z,687,2812.2,23.1292395,77.4656295,10.72,717.48,7.703,-0.9,0.96,10,OK,LOCK,-75,BATTERY_WARN
2026-09-25T10:11:28Z,688,2812.8,23.129248,77.4656425,10.7,717.43,7.702,-0.88,0.97,10,OK,LOCK,-75,BATTERY_WARN
2026-09-25T10:11:29Z,689,2813.4,23.1292565,77.4656555,10.68,717.37,7.701,-0.87,0.98,10,OK,LOCK,-75,BATTERY_WARN
2026-09-25T10:11:30Z,690,2814.0,23.129265,77.4656685,10.66,717.32,7.7,-0.86,0.99,10,OK,LOCK,-75,BATTERY_WARN
2026-09-25T10:11:31Z,691,2814.6,23.1292735,77.4656816,10.65,717.27,7.699,-0.87,1.0,10,OK,LOCK,-75,BATTERY_WARN
2026-09-25T10:11:32Z,692,2815.2,23.129282,77.4656946,10.63,717.22,7.698,-0.88,1.0,10,OK,LOCK,-75,BATTERY_WARN
2026-09-25T10:11:33Z,693,2815.8,23.1292905,77.4657076,10.61,717.16,7.698,-0.89,1.0,10,OK,LOCK,-75,BATTERY_WARN
2026-09-25T10:11:34Z,694,2816.4,23.129299,77.4657206,10.59,717.11,7.697,-0.9,1.0,10,OK,LOCK,-75,BATTERY_WARN
2026-09-25T10:11:35Z,695,2817.0,23.1293075,77.4657336,10.57,717.06,7.696,-0.9,0.99,10,OK,LOCK,-75,BATTERY_WARN
2026-09-25T10:11:36Z,696,2817.6,23.129316,77.4657466,10.55,717.01,7.695,-0.9,0.99,10,OK,LOCK,-75,BATTERY_WARN
2026-09-25T10:11:37Z,697,2818.2,23.1293245,77.4657597,10.54,716.95,7.694,-0.89,0.98,10,OK,LOCK,-75,BATTERY_WARN
2026-09-25T10:11:38Z,698,2818.8,23.129333,77.4657727,10.52,716.9,7.693,-0.86,0.97,10,OK,LOCK,-75,BATTERY_WARN
2026-09-25T10:11:39Z,699,2819.4,23.1293415,77.4657857,10.5,716.85,7.692,-0.81,0.96,10,OK,LOCK,-75,BATTERY_WARN
2026-09-25T10:11:40Z,700,2820.0,23.12935,77.4657987,10.48,716.8,7.692,-0.75,0.94,10,OK,LOCK,-75,BATTERY_WARN
2026-09-25T10:11:41Z,701,2820.6,23.1293585,77.4658118,10.47,716.74,7.691,-0.67,0.92,10,OK,LOCK,-75,BATTERY_WARN
2026-09-25T10:11:42Z,702,2821.2,23.129367,77.4658248,10.45,716.69,7.69,-0.57,0.9,10,OK,LOCK,-75,BATTERY_WARN
2026-09-25T10:11:43Z,703,2821.8,23.1293755,77.4658378,10.43,716.64,7.689,-0.45,0.88,10,OK,LOCK,-75,BATTERY_WARN
2026-09-25T10:11:44Z,704,2822.4,23.129384,77.4658509,10.42,716.59,7.688,-0.31,0.86,10,OK,LOCK,-74,BATTERY_WARN
2026-09-25T10:11:45Z,705,2823.0,23.1293925,77.4658639,10.4,716.53,7.687,-0.16,0.83,10,OK,LOCK,-74,BATTERY_WARN
2026-09-25T10:11:46Z,706,2823.6,23.129401,77.4658769,10.38,716.48,7.686,0.01,0.81,10,OK,LOCK,-74,BATTERY_WARN
2026-09-25T10:11:47Z,707,2824.2,23.1294095,77.46589,10.37,716.43,7.685,0.18,0.78,10,OK,LOCK,-74,BATTERY_WARN
2026-09-25T10:11:48Z,708,2824.8,23.129418,77.465903,10.35,716.38,7.685,0.36,0.75,10,OK,LOCK,-74,BATTERY_WARN
2026-09-25T10:11:49Z,709,2825.4,23.1294265,77.4659161,10.34,716.33,7.684,0.54,0.71,10,OK,LOCK,-74,BATTERY_WARN
2026-09-25T10:11:50Z,710,2826.0,23.129435,77.4659291,10.32,716.27,7.683,0.71,0.68,10,OK,LOCK,-74,BATTERY_WARN
2026-09-25T10:11:51Z,711,2826.6,23.1294435,77.4659421,10.31,716.22,7.682,0.88,0.64,10,OK,LOCK,-74,BATTERY_WARN
2026-09-25T10:11:52Z,712,2827.2,23.129452,77.4659552,10.29,716.17,7.681,1.04,0.61,10,OK,LOCK,-74,BATTERY_WARN
2026-09-25T10:11:53Z,713,2827.8,23.1294605,77.4659682,10.28,716.12,7.68,1.18,0.57,10,OK,LOCK,-74,BATTERY_WARN
2026-09-25T10:11:54Z,714,2828.4,23.129469,77.4659813,10.27,716.06,7.679,1.3,0.53,10,OK,LOCK,-74,BATTERY_WARN
2026-09-25T10:11:55Z,715,2829.0,23.1294775,77.4659943,10.25,716.01,7.679,1.4,0.49,10,OK,LOCK,-74,BATTERY_WARN
2026-09-25T10:11:56Z,716,2829.6,23.129486,77.4660074,10.24,715.96,7.678,1.48,0.45,10,OK,LOCK,-74,BATTERY_WARN
2026-09-25T10:11:57Z,717,2830.2,23.1294945,77.4660204,10.23,715.91,7.677,1.53,0.4,10,OK,LOCK,-74,BATTERY_WARN
2026-09-25T10:11:58Z,718,2830.8,23.129503,77.4660335,10.21,715.85,7.676,1.56,0.36,10,OK,LOCK,-74,BATTERY_WARN
2026-09-25T10:11:59Z,719,2831.4,23.1295115,77.4660465,10.2,715.8,7.675,1.57,0.31,10,OK,LOCK,-74,BATTERY_WARN
